Year,Week,Issue_date,Streaming_Artist,Streaming_Song,Airplay_Artist,Airplay_Song,Streaming_Song_Clean,Airplay_Song_Clean
2008,,6 January,Dogma Crew,"""Nacen de la bruma""",,,Nacen de la bruma,
2008,,10 February,Cast Of High School Musical,"""Be Mine""",,,Be Mine,
2008,,23 March,Mónica Naranjo,"""Europa""",,,Europa,
2008,,4 May,Mónica Naranjo,"""Europa""",,,Europa,
2008,,11 May,Mónica Naranjo,"""Europa""",,,Europa,
2008,,18 May,The Cure,"""The Only One""",,,The Only One,
2008,,15 June,The Cure,"""The Only One""",,,The Only One,
2008,,22 June,The Cure,"""Freakshow""",,,Freakshow,
2008,,20 July,The Cure,"""Freakshow""",,,Freakshow,
2008,,27 July,Mónica Naranjo,"""Amor y lujo""",,,Amor y lujo,
2008,,24 August,Madonna,"""Give It 2 Me""",,,Give It 2 Me,
2008,,21 September,The Cure,"""Hypnagogic States""",,,Hypnagogic States,
2008,,5 October,Cast Of High School Musical,"""Be Mine""",,,Be Mine,
2008,,26 October,Cooper,"""Lemon Pop""",,,Lemon Pop,
2008,,14 December,Madonna,"""Miles Away""",,,Miles Away,
2008,,28 December,Madonna,"""Miles Away""",,,Miles Away,
2009,,January 4,Carlos Bautefeat.Marta Sanchez,"""Colgando en tus manos""",,,Colgando en tus manos,
2009,,June 28,Carlos Bautefeat.Marta Sanchez,"""Colgando en tus manos""",,,Colgando en tus manos,
2009,,July 5,Carlos Bautefeat.Marta Sanchez,"""Colgando en tus manos""",,,Colgando en tus manos,
2009,,July 12,Carlos Bautefeat.Marta Sanchez,"""Colgando en tus manos""",,,Colgando en tus manos,
2009,,July 19,Carlos Bautefeat.Marta Sanchez,"""Colgando en tus manos""",,,Colgando en tus manos,
2009,,July 26,Carlos Bautefeat.Marta Sanchez,"""Colgando en tus manos""",,,Colgando en tus manos,
2009,,August 2,Pitbull,"""I Know You Want Me (Calle Ocho)""",,,I Know You Want Me,
2009,,September 20,David Bisbal,"""Esclavo de Sus Besos""",,,Esclavo de Sus Besos,
2009,,October 18,Manuel Carrasco&Malú,"""Que Nadie""",,,Que Nadie,
2009,,November 22,Manuel Carrasco&Malú,"""Que Nadie""",,,Que Nadie,
2009,,November 29,Manuel Carrasco&Malú,"""Que Nadie""",,,Que Nadie,
2009,,December 6,Buraka Som Sistema,"""Kalemba (Wegue-Wegue)""",,,Kalemba,
2010,1.0,January 10,Manuel Carrasco(feat.Malú),"""Que Nadie""",,,Que Nadie,
2010,2.0,January 17,Lady Gaga,"""Bad Romance""",,,Bad Romance,
2010,3.0,January 24,Lady Gaga,"""Bad Romance""",,,Bad Romance,
2010,4.0,January 31,Lady Gaga,"""Bad Romance""",,,Bad Romance,
2010,5.0,February 7,Lady Gaga,"""Bad Romance""",,,Bad Romance,
2010,6.0,February 14,David Bisbal,"""Mi Princesa""",,,Mi Princesa,
2010,7.0,February 21,Estopa(feat.Rosario),"""El Run Run""",,,El Run Run,
2010,8.0,February 28,"David DeMaría,Pastora Soler& Vanesa Martín","""Himno de Andalucía""",,,Himno de Andalucía,
2010,9.0,March 7,Estopa(feat. Rosario),"""El Run Run""",,,El Run Run,
2010,10.0,March 14,Estopa(feat. Rosario),"""El Run Run""",,,El Run Run,
2010,11.0,March 21,Estopa(feat. Rosario),"""El Run Run""",,,El Run Run,
2010,12.0,March 28,Estopa(feat. Rosario),"""El Run Run""",,,El Run Run,
2010,13.0,April 4,Estopa(feat. Rosario),"""El Run Run""",,,El Run Run,
2010,14.0,April 11,Estopa(feat. Rosario),"""El Run Run""",,,El Run Run,
2010,15.0,April 18,Estopa(feat. Rosario),"""El Run Run""",,,El Run Run,
2010,16.0,April 25,Carlos Jean(feat. Various artists),"""Ay Haití""",,,Ay Haití,
2010,17.0,May 2,Carlos Jean(feat. Various artists),"""Ay Haití""",,,Ay Haití,
2010,18.0,May 9,Edward Maya&Vika Jigulina,"""Stereo Love""",,,Stereo Love,
2010,19.0,May 16,Edward Maya&Vika Jigulina,"""Stereo Love""",,,Stereo Love,
2010,20.0,May 23,Edward Maya&Vika Jigulina,"""Stereo Love""",,,Stereo Love,
2010,21.0,May 30,Estopa(feat. Rosario),"""El Run Run""",,,El Run Run,
2010,22.0,June 6,Shakira(feat.Freshlyground),"""Waka Waka (This Time for Africa)""",,,Waka Waka,
2010,23.0,June 13,Shakira(feat.Freshlyground),"""Waka Waka (This Time for Africa)""",,,Waka Waka,
2010,24.0,June 20,Shakira(feat.Freshlyground),"""Waka Waka (This Time for Africa)""",,,Waka Waka,
2010,25.0,June 27,Shakira(feat.Freshlyground),"""Waka Waka (This Time for Africa)""",,,Waka Waka,
2010,26.0,July 4,Shakira(feat.Freshlyground),"""Waka Waka (This Time for Africa)""",,,Waka Waka,
2010,27.0,July 11,Shakira(feat.Freshlyground),"""Waka Waka (This Time for Africa)""",,,Waka Waka,
2010,28.0,July 18,Shakira(feat.Freshlyground),"""Waka Waka (This Time for Africa)""",,,Waka Waka,
2010,29.0,July 25,Shakira(feat.Freshlyground),"""Waka Waka (This Time for Africa)""",,,Waka Waka,
2010,30.0,August 1,Shakira(feat.Freshlyground),"""Waka Waka (This Time for Africa)""",,,Waka Waka,
2010,31.0,August 8,Shakira(feat.Freshlyground),"""Waka Waka (This Time for Africa)""",,,Waka Waka,
2010,32.0,August 15,Shakira(feat.Freshlyground),"""Waka Waka (This Time for Africa)""",,,Waka Waka,
2010,33.0,August 22,Shakira(feat.Freshlyground),"""Waka Waka (This Time for Africa)""",,,Waka Waka,
2010,34.0,August 29,Shakira(feat.Freshlyground),"""Waka Waka (This Time for Africa)""",,,Waka Waka,
2010,35.0,September 5,Shakira(feat.Freshlyground),"""Waka Waka (This Time for Africa)""",,,Waka Waka,
2010,36.0,September 12,Shakira(feat.Freshlyground),"""Waka Waka (This Time for Africa)""",,,Waka Waka,
2010,37.0,September 19,Shakira(feat.Freshlyground),"""Waka Waka (This Time for Africa)""",,,Waka Waka,
2010,38.0,September 26,Shakira(feat.Freshlyground),"""Waka Waka (This Time for Africa)""",,,Waka Waka,
2010,39.0,October 3,Eminem(feat.Rihanna),"""Love the Way You Lie""",,,Love the Way You Lie,
2010,40.0,October 10,Eminem(feat.Rihanna),"""Love the Way You Lie""",,,Love the Way You Lie,
2010,41.0,October 17,Eminem(feat.Rihanna),"""Love the Way You Lie""",,,Love the Way You Lie,
2010,42.0,October 24,Shakira(feat.El Cata),"""Loca""",,,Loca,
2010,43.0,October 31,Shakira(feat.El Cata),"""Loca""",,,Loca,
2010,44.0,November 7,Shakira(feat.El Cata),"""Loca""",,,Loca,
2010,45.0,November 14,Shakira(feat.El Cata),"""Loca""",,,Loca,
2010,46.0,November 21,Shakira(feat.El Cata),"""Loca""",,,Loca,
2010,47.0,November 28,Shakira(feat.El Cata),"""Loca""",,,Loca,
2010,48.0,December 5,Shakira(feat.El Cata),"""Loca""",,,Loca,
2010,49.0,December 12,Shakira(feat.El Cata),"""Loca""",,,Loca,
2010,50.0,December 19,Shakira(feat.El Cata),"""Loca""",,,Loca,
2010,51.0,December 26,Amaia Montero,"""Chiquitita""",,,Chiquitita,
2010,52.0,January 2,Shakira(feat. El Cata),"""Loca""",,,Loca,
2011,1.0,January 9,Shakira(feat.El Cata),"""Loca""",,,Loca,
2011,2.0,January 16,Shakira(feat.El Cata),"""Loca""",,,Loca,
2011,3.0,January 23,Shakira(feat.El Cata),"""Loca""",,,Loca,
2011,4.0,January 30,The Black Eyed Peas,"""The Time (Dirty Bit)""",,,The Time,
2011,5.0,February 6,The Black Eyed Peas,"""The Time (Dirty Bit)""",,,The Time,
2011,6.0,February 13,Lady Gaga,"""Born This Way""",,,Born This Way,
2011,7.0,February 20,Lady Gaga,"""Born This Way""",,,Born This Way,
2011,8.0,February 27,Pablo Alborán,"""Solamente Tú""",,,Solamente Tú,
2011,9.0,March 6,Pablo Alborán,"""Solamente Tú""",,,Solamente Tú,
2011,10.0,March 13,Jennifer Lopez(feat.Pitbull),"""On the Floor""",,,On the Floor,
2011,11.0,March 20,Jennifer Lopez(feat.Pitbull),"""On the Floor""",,,On the Floor,
2011,12.0,March 27,Jennifer Lopez(feat.Pitbull),"""On the Floor""",,,On the Floor,
2011,13.0,April 3,Jennifer Lopez(feat.Pitbull),"""On the Floor""",,,On the Floor,
2011,14.0,April 10,Jennifer Lopez(feat.Pitbull),"""On the Floor""",,,On the Floor,
2011,15.0,April 17,Jennifer Lopez(feat.Pitbull),"""On the Floor""",,,On the Floor,
2011,16.0,April 24,Jennifer Lopez(feat.Pitbull),"""On the Floor""",,,On the Floor,
2011,17.0,May 1,Jennifer Lopez(feat.Pitbull),"""On the Floor""",,,On the Floor,
2011,18.0,May 8,Jennifer Lopez(feat.Pitbull),"""On the Floor""",,,On the Floor,
2011,19.0,May 15,Jennifer Lopez(feat.Pitbull),"""On the Floor""",,,On the Floor,
2011,20.0,May 22,Jennifer Lopez(feat.Pitbull),"""On the Floor""",,,On the Floor,
2011,21.0,May 29,Jennifer Lopez(feat.Pitbull),"""On the Floor""",,,On the Floor,
2011,22.0,June 5,Jennifer Lopez(feat.Pitbull),"""On the Floor""",,,On the Floor,
2011,23.0,June 12,Jennifer Lopez(feat.Pitbull),"""On the Floor""",,,On the Floor,
2011,24.0,June 19,Jennifer Lopez(feat.Pitbull),"""On the Floor""",,,On the Floor,
2011,25.0,June 26,Shakira(feat. Pitbull),"""Rabiosa""",,,Rabiosa,
2011,26.0,July 3,Shakira(feat. Pitbull),"""Rabiosa""",,,Rabiosa,
2011,27.0,July 10,Shakira(feat. Pitbull),"""Rabiosa""",,,Rabiosa,
2011,28.0,July 17,Shakira(feat. Pitbull),"""Rabiosa""",,,Rabiosa,
2011,29.0,July 24,Shakira(feat. Pitbull),"""Rabiosa""",,,Rabiosa,
2011,30.0,July 31,Don Omar&Lucenzo,"""Danza Kuduro""",,,Danza Kuduro,
2011,31.0,August 7,Don Omar&Lucenzo,"""Danza Kuduro""",,,Danza Kuduro,
2011,32.0,August 14,Don Omar&Lucenzo,"""Danza Kuduro""",,,Danza Kuduro,
2011,33.0,August 21,Don Omar&Lucenzo,"""Danza Kuduro""",,,Danza Kuduro,
2011,34.0,August 28,Don Omar&Lucenzo,"""Danza Kuduro""",,,Danza Kuduro,
2011,35.0,September 4,Don Omar&Lucenzo,"""Danza Kuduro""",,,Danza Kuduro,
2011,36.0,September 11,Don Omar&Lucenzo,"""Danza Kuduro""",,,Danza Kuduro,
2011,37.0,September 18,Don Omar&Lucenzo,"""Danza Kuduro""",,,Danza Kuduro,
2011,38.0,September 25,Don Omar&Lucenzo,"""Danza Kuduro""",,,Danza Kuduro,
2011,39.0,October 2,Pitbull(feat.Marc Anthony),"""Rain Over Me""",,,Rain Over Me,
2011,40.0,October 9,Pitbull(feat.Marc Anthony),"""Rain Over Me""",,,Rain Over Me,
2011,41.0,October 16,Juan Magán(feat. Crossfire),"""Bailando por Ahí""",,,Bailando por Ahí,
2011,42.0,October 23,Pitbull(feat. Marc Anthony),"""Rain Over Me""",,,Rain Over Me,
2011,43.0,October 30,Pitbull(feat. Marc Anthony),"""Rain Over Me""",,,Rain Over Me,
2011,44.0,November 6,Pitbull(feat. Marc Anthony),"""Rain Over Me""",,,Rain Over Me,
2011,45.0,November 13,Pablo Alborán(feat. Carminho),"""Perdóname""",,,Perdóname,
2011,46.0,November 20,Pablo Alborán(feat. Carminho),"""Perdóname""",,,Perdóname,
2011,47.0,November 27,Michel Teló,"""Ai Se Eu Te Pego""",,,Ai Se Eu Te Pego,
2011,48.0,December 4,Michel Teló,"""Ai Se Eu Te Pego""",,,Ai Se Eu Te Pego,
2011,49.0,December 11,Michel Teló,"""Ai Se Eu Te Pego""",,,Ai Se Eu Te Pego,
2011,50.0,December 18,Michel Teló,"""Ai Se Eu Te Pego""",,,Ai Se Eu Te Pego,
2011,51.0,December 25,Michel Teló,"""Ai Se Eu Te Pego""",,,Ai Se Eu Te Pego,
2011,52.0,January 1,Michel Teló,"""Ai Se Eu Te Pego""",,,Ai Se Eu Te Pego,
2012,1.0,January 8,Michel Teló,"""Ai Se Eu Te Pego!""",,,Ai Se Eu Te Pego!,
2012,2.0,January 15,Michel Teló,"""Ai Se Eu Te Pego!""",,,Ai Se Eu Te Pego!,
2012,3.0,January 22,Michel Teló,"""Ai Se Eu Te Pego!""",,,Ai Se Eu Te Pego!,
2012,4.0,January 29,Michel Teló,"""Ai Se Eu Te Pego!""",,,Ai Se Eu Te Pego!,
2012,5.0,February 5,Michel Teló,"""Ai Se Eu Te Pego!""",,,Ai Se Eu Te Pego!,
2012,6.0,February 12,Michel Teló,"""Ai Se Eu Te Pego!""",,,Ai Se Eu Te Pego!,
2012,7.0,February 19,Michel Teló,"""Ai Se Eu Te Pego!""",,,Ai Se Eu Te Pego!,
2012,8.0,February 26,Michel Teló,"""Ai Se Eu Te Pego!""",,,Ai Se Eu Te Pego!,
2012,9.0,March 4,Michel Teló,"""Ai Se Eu Te Pego!""",,,Ai Se Eu Te Pego!,
2012,10.0,March 11,Michel Teló,"""Ai Se Eu Te Pego!""",,,Ai Se Eu Te Pego!,
2012,11.0,March 18,Cali y El Dandee,"""Yo Te Esperaré""",,,Yo Te Esperaré,
2012,12.0,March 25,Cali y El Dandee,"""Yo Te Esperaré""",,,Yo Te Esperaré,
2012,13.0,April 1,Cali y El Dandee,"""Yo Te Esperaré""",,,Yo Te Esperaré,
2012,14.0,April 8,Cali y El Dandee,"""Yo Te Esperaré""",,,Yo Te Esperaré,
2012,15.0,April 15,Cali y El Dandee,"""Yo Te Esperaré""",,,Yo Te Esperaré,
2012,16.0,April 22,Cali y El Dandee,"""Yo Te Esperaré""",,,Yo Te Esperaré,
2012,17.0,April 29,Cali y El Dandee,"""Yo Te Esperaré""",,,Yo Te Esperaré,
2012,18.0,May 6,Cali y El Dandee,"""Yo Te Esperaré""",,,Yo Te Esperaré,
2012,19.0,May 13,Cali y El Dandee,"""Yo Te Esperaré""",,,Yo Te Esperaré,
2012,20.0,May 20,Cali y El Dandee,"""Yo Te Esperaré""",,,Yo Te Esperaré,
2012,21.0,May 27,Cali y El Dandee,"""Yo Te Esperaré""",,,Yo Te Esperaré,
2012,22.0,June 3,Cali y El Dandee,"""Yo Te Esperaré""",,,Yo Te Esperaré,
2012,23.0,June 10,Cali y El Dandee,"""Yo Te Esperaré""",,,Yo Te Esperaré,
2012,24.0,June 17,Cali y El Dandee(feat.David Bisbal),"""No Hay 2 Sin 3 (Gol)""",,,No Hay 2 Sin 3,
2012,25.0,June 24,Cali y El Dandee,"""Yo Te Esperaré""",,,Yo Te Esperaré,
2012,26.0,July 1,Alejandro Sanz,"""No Me Compares""",,,No Me Compares,
2012,27.0,July 8,Cali & El Dandee(feat. David Bisbal),"""No Hay 2 Sin 3 (Gol)""",,,No Hay 2 Sin 3,
2012,28.0,July 15,Tacabro,"""Tacatá""",,,Tacatá,
2012,29.0,July 22,Tacabro,"""Tacatá""",,,Tacatá,
2012,30.0,July 29,Tacabro,"""Tacatá""",,,Tacatá,
2012,31.0,August 5,Tacabro,"""Tacatá""",,,Tacatá,
2012,32.0,August 12,Tacabro,"""Tacatá""",,,Tacatá,
2012,33.0,August 19,Tacabro,"""Tacatá""",,,Tacatá,
2012,34.0,August 26,Tacabro,"""Tacatá""",,,Tacatá,
2012,35.0,September 2,Juan Magan(feat.Belinda),"""Te Voy A Esperar""",,,Te Voy A Esperar,
2012,36.0,September 9,Juan Magan(feat.Belinda),"""Te Voy A Esperar""",,,Te Voy A Esperar,
2012,37.0,September 16,Juan Magan(feat.Belinda),"""Te Voy A Esperar""",,,Te Voy A Esperar,
2012,38.0,September 23,Juan Magan(feat.Belinda),"""Te Voy A Esperar""",,,Te Voy A Esperar,
2012,39.0,September 30,Juan Magan(feat.Belinda),"""Te Voy A Esperar""",,,Te Voy A Esperar,
2012,40.0,October 7,Juan Magan(feat.Belinda),"""Te Voy A Esperar""",,,Te Voy A Esperar,
2012,41.0,October 14,Juan Magan(feat.Belinda),"""Te Voy A Esperar""",,,Te Voy A Esperar,
2012,42.0,October 21,Robert Ramírez,"""You Are Not Alone""",,,You Are Not Alone,
2012,43.0,October 28,Juan Magan(feat. Belinda),"""Te Voy a Esperar""",,,Te Voy a Esperar,
2012,44.0,November 4,Juan Magan(feat. Belinda),"""Te Voy a Esperar""",,,Te Voy a Esperar,
2012,45.0,November 11,Juan Magan(feat. Belinda),"""Te Voy a Esperar""",,,Te Voy a Esperar,
2012,46.0,November 18,PSY,"""Gangnam Style""",,,Gangnam Style,
2012,47.0,November 25,PSY,"""Gangnam Style""",,,Gangnam Style,
2012,48.0,December 2,PSY,"""Gangnam Style""",,,Gangnam Style,
2012,49.0,December 9,PSY,"""Gangnam Style""",,,Gangnam Style,
2012,50.0,December 16,PSY,"""Gangnam Style""",,,Gangnam Style,
2012,51.0,December 23,PSY,"""Gangnam Style""",,,Gangnam Style,
2012,52.0,December 30,PSY,"""Gangnam Style""",,,Gangnam Style,
2013,1.0,January 6,PSY,"""Gangnam Style""",,,Gangnam Style,
2013,2.0,January 13,PSY,"""Gangnam Style""",,,Gangnam Style,
2013,3.0,January 20,PSY,"""Gangnam Style""",,,Gangnam Style,
2013,4.0,January 27,PSY,"""Gangnam Style""",,,Gangnam Style,
2013,5.0,February 3,PSY,"""Gangnam Style""",,,Gangnam Style,
2013,6.0,February 10,Pablo Alborán,El Beso,,,El Beso,
2013,7.0,February 17,Pablo Alborán,El Beso,,,El Beso,
2013,8.0,February 24,will.i.am(feat.Britney Spears),"""Scream & Shout""",,,Scream & Shout,
2013,9.0,March 3,Malú(feat. Pablo Alborán),"""Vuelvo a verte""",,,Vuelvo a verte,
2013,10.0,March 10,Yandar & Yostin(feat.Andy Rivera),"""Te Pintaron Pajaritos""",,,Te Pintaron Pajaritos,
2013,11.0,March 17,Yandar & Yostin(feat.Andy Rivera),"""Te Pintaron Pajaritos""",,,Te Pintaron Pajaritos,
2013,12.0,March 24,Pink,"""Try""",,,Try,
2013,13.0,March 31,Pink,"""Try""",,,Try,
2013,14.0,April 7,Pink,"""Try""",,,Try,
2013,15.0,April 14,Pitbull(feat.Christina Aguilera),"""Feel This Moment""",,,Feel This Moment,
2013,16.0,April 21,Pitbull(feat.Christina Aguilera),"""Feel This Moment""",,,Feel This Moment,
2013,17.0,April 28,Pitbull(feat.Christina Aguilera),"""Feel This Moment""",,,Feel This Moment,
2013,18.0,May 5,Pitbull(feat.Christina Aguilera),"""Feel This Moment""",,,Feel This Moment,
2013,19.0,May 12,Pablo Alborán,"""Quién""",,,Quién,
2013,20.0,May 19,Daft Punk(feat.Pharrell Williams),"""Get Lucky""",,,Get Lucky,
2013,21.0,May 26,Daft Punk(feat.Pharrell Williams),"""Get Lucky""",,,Get Lucky,
2013,22.0,June 2,Daft Punk(feat.Pharrell Williams),"""Get Lucky""",,,Get Lucky,
2013,23.0,June 9,Dani Martín,"""Cero""",,,Cero,
2013,24.0,June 16,Dani Martín,"""Cero""",,,Cero,
2013,25.0,June 23,Dani Martín,"""Cero""",,,Cero,
2013,26.0,June 30,Dani Martín,"""Cero""",,,Cero,
2013,27.0,July 7,Dani Martín,"""Cero""",,,Cero,
2013,28.0,July 14,Dani Martín,"""Cero""",,,Cero,
2013,29.0,July 21,Daft Punk(feat.Pharrell Williams),"""Get Lucky""",,,Get Lucky,
2013,30.0,July 28,Daft Punk(feat.Pharrell Williams),"""Get Lucky""",,,Get Lucky,
2013,31.0,August 4,Daft Punk(feat.Pharrell Williams),"""Get Lucky""",,,Get Lucky,
2013,32.0,August 11,Robin Thicke(feat.T.I.andPharrell),"""Blurred Lines""",,,Blurred Lines,
2013,33.0,August 18,Lady Gaga,"""Applause""",,,Applause,
2013,34.0,August 25,Avicii,"""Wake Me Up""",,,Wake Me Up,
2013,35.0,September 1,Avicii,"""Wake Me Up""",,,Wake Me Up,
2013,36.0,September 8,Avicii,"""Wake Me Up""",,,Wake Me Up,
2013,37.0,September 15,Avicii,"""Wake Me Up""",,,Wake Me Up,
2013,38.0,September 22,Avicii,"""Wake Me Up""",,,Wake Me Up,
2013,39.0,September 29,Avicii,"""Wake Me Up""",,,Wake Me Up,
2013,40.0,October 6,Avicii,"""Wake Me Up""",,,Wake Me Up,
2013,41.0,October 13,Avicii,"""Wake Me Up""",,,Wake Me Up,
2013,42.0,October 20,Por Ellas,"""Color Esperanza""",,,Color Esperanza,
2013,43.0,October 27,Por Ellas,"""Color Esperanza""",,,Color Esperanza,
2013,44.0,November 3,Lady Gaga,"""Venus""",,,Venus,
2013,45.0,November 10,Lady Gaga,[89],,,,
2013,46.0,November 17,Miley Cyrus,"""Wrecking Ball""",,,Wrecking Ball,
2013,47.0,November 24,One Direction,"""Story of My Life""",,,Story of My Life,
2013,48.0,December 1,Miley Cyrus,"""Wrecking Ball""",,,Wrecking Ball,
2013,49.0,December 8,Miley Cyrus,"""Wrecking Ball""",,,Wrecking Ball,
2013,50.0,December 15,Miley Cyrus,"""Wrecking Ball""",,,Wrecking Ball,
2013,51.0,December 22,Kiko Rivera,"""Así Soy Yo""",,,Así Soy Yo,
2013,52.0,December 29,One Direction,"""Story of My Life""",,,Story of My Life,
2014,1.0,January 5,Avicii,"""Hey Brother""",,,Hey Brother,
2014,2.0,January 12,Avicii,"""Hey Brother""",,,Hey Brother,
2014,3.0,January 19,Enrique Iglesiasfeat.Romeo Santos,"""Loco""",,,Loco,
2014,4.0,January 26,David Bisbal,"""Diez Mil Maneras""",,,Diez Mil Maneras,
2014,5.0,February 2,David Bisbal,"""Diez Mil Maneras""",,,Diez Mil Maneras,
2014,6.0,February 9,David Bisbal,"""Diez Mil Maneras""",,,Diez Mil Maneras,
2014,7.0,February 16,David Bisbal,"""Diez Mil Maneras""",,,Diez Mil Maneras,
2014,8.0,February 23,David Bisbal,"""Diez Mil Maneras""",,,Diez Mil Maneras,
2014,9.0,March 2,David Bisbal,"""Diez Mil Maneras""",,,Diez Mil Maneras,
2014,10.0,March 9,David Bisbal,"""Diez Mil Maneras""",,,Diez Mil Maneras,
2014,11.0,March 16,David Bisbal,"""Diez Mil Maneras""",,,Diez Mil Maneras,
2014,12.0,March 23,Pharrell Williams,"""Happy""",,,Happy,
2014,13.0,March 30,Shakira,"""Boig per Tu""",,,Boig per Tu,
2014,14.0,April 6,Pharrell Williams,"""Happy""",,,Happy,
2014,15.0,April 13,Pharrell Williams,"""Happy""",,,Happy,
2014,16.0,April 20,Enrique Iglesiasfeat.Gente de ZonayDescemer Bueno,"""Bailando""",,,Bailando,
2014,17.0,April 27,Enrique Iglesiasfeat.Gente de ZonayDescemer Bueno,"""Bailando""",,,Bailando,
2014,18.0,May 4,Enrique Iglesiasfeat.Gente de ZonayDescemer Bueno,"""Bailando""",,,Bailando,
2014,19.0,May 11,Enrique Iglesiasfeat.Gente de ZonayDescemer Bueno,"""Bailando""",,,Bailando,
2014,20.0,May 18,Enrique Iglesiasfeat.Gente de ZonayDescemer Bueno,"""Bailando""",,,Bailando,
2014,21.0,May 25,Enrique Iglesiasfeat.Gente de ZonayDescemer Bueno,"""Bailando""",,,Bailando,
2014,22.0,June 1,Real Madridfeat.Redone,"""Hala Madrid ...y Nada Más""",,,Hala Madrid ...y Nada Más,
2014,23.0,June 8,Enrique Iglesias feat. Gente de Zona y Descemer Bueno,"""Bailando""",,,Bailando,
2014,24.0,June 15,Enrique Iglesias feat. Gente de Zona y Descemer Bueno,"""Bailando""",,,Bailando,
2014,25.0,June 22,Enrique Iglesias feat. Gente de Zona y Descemer Bueno,"""Bailando""",,,Bailando,
2014,26.0,June 29,Enrique Iglesias feat. Gente de Zona y Descemer Bueno,"""Bailando""",,,Bailando,
2014,27.0,July 6,Enrique Iglesias feat. Gente de Zona y Descemer Bueno,"""Bailando""",,,Bailando,
2014,28.0,July 13,Enrique Iglesias feat. Gente de Zona y Descemer Bueno,"""Bailando""",,,Bailando,
2014,29.0,July 20,Enrique Iglesias feat. Gente de Zona y Descemer Bueno,"""Bailando""",,,Bailando,
2014,30.0,July 27,Enrique Iglesias feat. Gente de Zona y Descemer Bueno,"""Bailando""",,,Bailando,
2014,31.0,August 3,Auryn,"""Puppeteer""",,,Puppeteer,
2014,32.0,August 10,Enrique Iglesias feat. Gente de Zona y Descemer Bueno,"""Bailando""",,,Bailando,
2014,33.0,August 17,Enrique Iglesias feat. Gente de Zona y Descemer Bueno,"""Bailando""",,,Bailando,
2014,34.0,August 24,Enrique Iglesias feat. Gente de Zona y Descemer Bueno,"""Bailando""",,,Bailando,
2014,35.0,August 31,Enrique Iglesias feat. Gente de Zona y Descemer Bueno,"""Bailando""",,,Bailando,
2014,36.0,September 7,Enrique Iglesias feat. Gente de Zona y Descemer Bueno,"""Bailando""",,,Bailando,
2014,37.0,September 14,Enrique Iglesias feat. Gente de Zona y Descemer Bueno,"""Bailando""",,,Bailando,
2014,38.0,September 21,Pablo Alborán,"""Por Fin""",,,Por Fin,
2014,39.0,September 28,Pablo Alborán,"""Por Fin""",,,Por Fin,
2014,40.0,October 5,Lilly Wood & The Prick and Robin Schulz,"""Prayer in C (Robin Schulz Radio Edit)""",,,Prayer in C,
2014,41.0,October 12,Pablo Alborán,"""Pasos de cero""",,,Pasos de cero,
2014,42.0,October 19,Pablo López,"""El mejor momento""",,,El mejor momento,
2014,43.0,October 26,Juan Magánfeat.Belinda&Lapiz Conciente,"""Si no te quisiera""",,,Si no te quisiera,
2014,44.0,November 2,Juan Magánfeat.Belinda&Lapiz Conciente,"""Si no te quisiera""",,,Si no te quisiera,
2014,45.0,November 9,Meghan Trainor,"""All About That Bass""",,,All About That Bass,
2014,46.0,November 16,Meghan Trainor,"""All About That Bass""",,,All About That Bass,
2014,47.0,November 23,Band Aid 30,"""Do They Know It's Christmas? (2014)""",,,Do They Know Its Christmas?,
2014,48.0,November 30,David Guettafeat.Sam Martin,"""Dangerous""",,,Dangerous,
2014,49.0,December 7,David Guettafeat.Sam Martin,"""Dangerous""",,,Dangerous,
2014,50.0,December 14,Meghan Trainor,"""All About That Bass""",,,All About That Bass,
2014,51.0,December 21,David Guetta feat. Sam Martin,"""Dangerous""",,,Dangerous,
2014,52.0,December 28,Meghan Trainor,"""All About That Bass""",,,All About That Bass,
2015,1.0,January 4,David GuettafeaturingSam Martin,"""Dangerous""",Melendi,"""Tocado y hundido""",Dangerous,Tocado y hundido
2015,2.0,January 11,David GuettafeaturingSam Martin,"""Dangerous""","""Stay with Me""",[5],Dangerous,
2015,3.0,January 18,David GuettafeaturingSam Martin,"""Dangerous""","""Dangerous""",[7],Dangerous,
2015,4.0,January 25,Mark RonsonfeaturingBruno Mars,"""Uptown Funk""",Melendi,"""Tocado y hundido""",Uptown Funk,Tocado y hundido
2015,5.0,February 1,Mark RonsonfeaturingBruno Mars,"""Uptown Funk""","""Dangerous""",[11],Uptown Funk,
2015,6.0,February 8,Mark RonsonfeaturingBruno Mars,Meghan Trainor,"""Lips Are Movin""",[13],Meghan Trainor,
2015,7.0,February 15,Mark RonsonfeaturingBruno Mars,Meghan Trainor,,,Meghan Trainor,
2015,8.0,February 22,Ellie Goulding,"""Love Me like You Do""","""Lips Are Movin""",,Love Me like You Do,
2015,9.0,March 1,Ellie Goulding,Ed Sheeran,"""Thinking Out Loud""",[19],Ed Sheeran,
2015,10.0,March 8,Nicky Jam&Enrique Iglesias,"""El Perdón""","""Thinking Out Loud""",,El Perdón,
2015,11.0,March 15,Nicky Jam&Enrique Iglesias,"""El Perdón""",,,El Perdón,
2015,12.0,March 22,Nicky Jam&Enrique Iglesias,Meghan Trainor,"""Lips Are Movin""",[25],Meghan Trainor,
2015,13.0,March 29,Nicky Jam&Enrique Iglesias,Meghan Trainor,,,Meghan Trainor,
2015,14.0,April 5,Nicky Jam&Enrique Iglesias,Ellie Goulding,"""Love Me like You Do""",[29],Ellie Goulding,
2015,15.0,April 12,Nicky Jam&Enrique Iglesias,Ellie Goulding,,,Ellie Goulding,
2015,16.0,April 19,Nicky Jam&Enrique Iglesias,Ellie Goulding,,,Ellie Goulding,
2015,17.0,April 26,Nicky Jam&Enrique Iglesias,Alejandro Sanz,"""Love Me like You Do""",[35],Alejandro Sanz,
2015,18.0,May 3,Nicky Jam&Enrique Iglesias,Melendi,"""Love Me like You Do""",[37],Melendi,
2015,19.0,May 10,Nicky Jam&Enrique Iglesias,Paulina RubiofeaturingMorat,"""Mi Nuevo Vicio""",[39],Paulina RubiofeaturingMorat,
2015,20.0,May 17,Nicky Jam&Enrique Iglesias,Alejandro Sanz,"""Un Zombie a la Intemperie""",[41],Alejandro Sanz,
2015,21.0,May 24,Nicky Jam&Enrique Iglesias,Major LazerfeaturingDJ SnakeandMØ,"""Lean On""",[43],Major LazerfeaturingDJ SnakeandMØ,
2015,22.0,May 31,Nicky Jam&Enrique Iglesias,Lost Frequencies,"""Are You with Me""",[45],Lost Frequencies,
2015,23.0,June 7,Nicky Jam&Enrique Iglesias,Lost Frequencies,,,Lost Frequencies,
2015,24.0,June 14,Nicky Jam&Enrique Iglesias,Lost Frequencies,,,Lost Frequencies,
2015,25.0,June 21,Nicky Jam&Enrique Iglesias,Lost Frequencies,,,Lost Frequencies,
2015,26.0,June 28,Nicky Jam&Enrique Iglesias,Lost Frequencies,,,Lost Frequencies,
2015,27.0,July 5,Nicky Jam&Enrique Iglesias,Major LazerfeaturingDJ Snake&MØ,"""Lean On""",[55],Major LazerfeaturingDJ Snake&MØ,
2015,28.0,July 9,Gente de ZonafeaturingMarc Anthony,"""La Gozadera""","""Lean On""",,La Gozadera,
2015,29.0,July 16,Gente de ZonafeaturingMarc Anthony,"""La Gozadera""","""Are You with Me""",[59],La Gozadera,
2015,30.0,July 23,Gente de ZonafeaturingMarc Anthony,"""La Gozadera""","""Cuando me siento bien""",[61],La Gozadera,
2015,31.0,July 30,Gente de ZonafeaturingMarc Anthony,Lost Frequencies,"""Are You with Me""",[63],Lost Frequencies,
2015,32.0,August 6,Gente de ZonafeaturingMarc Anthony,Lost Frequencies,,,Lost Frequencies,
2015,33.0,August 13,Gente de ZonafeaturingMarc Anthony,Estopa,"""Pastillas para dormir""",[67],Estopa,
2015,34.0,August 20,Gente de ZonafeaturingMarc Anthony,Estopa,,,Estopa,
2015,35.0,August 27,Gente de ZonafeaturingMarc Anthony,Estopa,,,Estopa,
2015,36.0,September 3,Gente de ZonafeaturingMarc Anthony,MadconfeaturingRay Dalton,"""Don't Worry""",[73],MadconfeaturingRay Dalton,
2015,37.0,September 10,Gente de ZonafeaturingMarc Anthony,MadconfeaturingRay Dalton,,,MadconfeaturingRay Dalton,
2015,38.0,September 17,Gente de ZonafeaturingMarc Anthony,KygofeaturingParson James,"""Stole the Show""",[77],KygofeaturingParson James,
2015,39.0,September 24,J Balvin,"""Ginza""","""Stole the Show""",,Ginza,
2015,40.0,October 1,J Balvin,"""Ginza""",,,Ginza,
2015,41.0,October 8,Cali y El Dandee,"""Por fin te encontré""","""Stole the Show""",,Por fin te encontré,
2015,42.0,October 15,Cali y El Dandee,"""Por fin te encontré""",,,Por fin te encontré,
2015,43.0,October 22,Cali y El Dandee,"""Por fin te encontré""","""Stole the Show""",[87],Por fin te encontré,
2015,44.0,October 29,Adele,"""Hello""","""Stole the Show""","""El mismo sol""",Hello,El mismo sol
2015,45.0,November 5,Adele,"""Hello""","""Stole the Show""",[91],Hello,
2015,46.0,November 12,Adele,Felix Jaehn featuring Jasmine Thompson,"""Ain’t Nobody (Loves Me Better)""",[93],Felix Jaehn featuring Jasmine Thompson,
2015,47.0,November 19,Justin Bieber,"""Sorry""","""Ain’t Nobody (Loves Me Better)""",,Sorry,
2015,48.0,November 26,Justin Bieber,"""Sorry""",,,Sorry,
2015,49.0,December 3,Justin Bieber,Adele,"""Hello""",[99],Adele,
2015,50.0,December 10,Justin Bieber,Adele,,,Adele,
2015,51.0,December 17,Justin Bieber,Adele,,,Adele,
2015,52.0,December 24,Justin Bieber,Pablo LópezfeaturingJuanes,"""Tu enemigo""",[105],Pablo LópezfeaturingJuanes,
2015,53.0,December 31,Justin Bieber,Pablo LópezfeaturingJuanes,,,Pablo LópezfeaturingJuanes,
2016,1.0,January 7,Justin Bieber,"""Sorry""",Adele,"""Hello""",Sorry,Hello
2016,2.0,January 14,Justin Bieber,Pablo LópezfeaturingJuanes,"""Tu enemigo""",[4],Pablo LópezfeaturingJuanes,
2016,3.0,January 21,Justin Bieber,Pablo LópezfeaturingJuanes,,,Pablo LópezfeaturingJuanes,
2016,4.0,January 28,Justin Bieber,Pablo LópezfeaturingJuanes,,,Pablo LópezfeaturingJuanes,
2016,5.0,February 4,Justin Bieber,Pablo LópezfeaturingJuanes,,,Pablo LópezfeaturingJuanes,
2016,6.0,February 11,Justin Bieber,Pablo LópezfeaturingJuanes,,,Pablo LópezfeaturingJuanes,
2016,7.0,February 18,Justin Bieber,Pablo LópezfeaturingJuanes,,,Pablo LópezfeaturingJuanes,
2016,8.0,February 25,Justin Bieber,Matt Simons,"""Tu enemigo""",[16],Matt Simons,
2016,9.0,March 3,Justin Bieber,Major LazerfeaturingNyla&Fuse ODG,"""Tu enemigo""",[18],Major LazerfeaturingNyla&Fuse ODG,
2016,10.0,March 10,Justin Bieber,Alan Walker,"""Faded""",[20],Alan Walker,
2016,11.0,March 17,Alan Walker,"""Faded""","""Faded""",,Faded,
2016,12.0,March 24,Alan Walker,"""Faded""",,,Faded,
2016,13.0,March 31,Alan Walker,Matt Simons,"""Catch & Release"" (Deepend Remix)",[26],Matt Simons,
2016,14.0,April 7,Alan Walker,Matt Simons,,,Matt Simons,
2016,15.0,April 14,Alan Walker,Alan Walker,"""Catch & Release"" (Deepend Remix)",[30],Alan Walker,
2016,16.0,April 21,Sia,"""Cheap Thrills""",Matt Simons,"""Catch & Release"" (Deepend Remix)",Cheap Thrills,Catch & Release
2016,17.0,April 28,Enrique IglesiasfeaturingWisin,"""Duele el Corazón""",Lukas Graham,"""7 Years""",Duele el Corazón,7 Years
2016,18.0,May 5,Enrique IglesiasfeaturingWisin,Alan Walker,"""Faded""",[36],Alan Walker,
2016,19.0,May 12,Enrique IglesiasfeaturingWisin,Alan Walker,,,Alan Walker,
2016,20.0,May 19,Enrique IglesiasfeaturingWisin,Enrique Iglesias featuring Wisin,"""Duele el Corazón""",[40],Enrique Iglesias featuring Wisin,
2016,21.0,May 26,Enrique IglesiasfeaturingWisin,Enrique Iglesias featuring Wisin,,,Enrique Iglesias featuring Wisin,
2016,22.0,June 2,Enrique IglesiasfeaturingWisin,Enrique Iglesias featuring Wisin,,,Enrique Iglesias featuring Wisin,
2016,23.0,June 9,Enrique IglesiasfeaturingWisin,Enrique Iglesias featuring Wisin,,,Enrique Iglesias featuring Wisin,
2016,24.0,June 16,Enrique IglesiasfeaturingWisin,Enrique Iglesias featuring Wisin,,,Enrique Iglesias featuring Wisin,
2016,25.0,June 23,Enrique IglesiasfeaturingWisin,Morat,"""Cómo te atreves""",[50],Morat,
2016,26.0,June 30,Enrique IglesiasfeaturingWisin,Morat,,,Morat,
2016,27.0,July 7,Enrique IglesiasfeaturingWisin,Morat,,,Morat,
2016,28.0,July 14,Enrique IglesiasfeaturingWisin,Morat,,,Morat,
2016,29.0,July 21,Carlos VivesandShakira,"""La Bicicleta""",Jennifer Lopez,"""Ain't Your Mama""",La Bicicleta,Aint Your Mama
2016,30.0,July 28,Carlos VivesandShakira,"""La Bicicleta""",,,La Bicicleta,
2016,31.0,August 4,Carlos VivesandShakira,"""La Bicicleta""",,,La Bicicleta,
2016,32.0,August 11,Carlos VivesandShakira,"""La Bicicleta""",,,La Bicicleta,
2016,33.0,August 18,Carlos VivesandShakira,Justin Timberlake,"""Can't Stop the Feeling!""","""Ain't Your Mama""",Justin Timberlake,Aint Your Mama
2016,34.0,August 25,Carlos VivesandShakira,Justin Timberlake,,,Justin Timberlake,
2016,35.0,September 1,Carlos VivesandShakira,Carlos Vives and Shakira,"""La Bicicleta""","""Ain't Your Mama""",Carlos Vives and Shakira,Aint Your Mama
2016,36.0,September 8,Carlos VivesandShakira,Carlos Vives and Shakira,,,Carlos Vives and Shakira,
2016,37.0,September 15,Carlos VivesandShakira,Carlos Vives and Shakira,,,Carlos Vives and Shakira,
2016,38.0,September 22,Carlos VivesandShakira,Justin Timberlake,"""La Bicicleta""","""Ain't Your Mama""",Justin Timberlake,Aint Your Mama
2016,39.0,September 29,Carlos VivesandShakira,Jonas Bluefeaturing JP Cooper,"""Perfect Strangers""",[78],Jonas Bluefeaturing JP Cooper,
2016,40.0,October 6,Carlos VivesandShakira,Jonas Bluefeaturing JP Cooper,,,Jonas Bluefeaturing JP Cooper,
2016,41.0,October 13,Carlos VivesandShakira,Jonas Bluefeaturing JP Cooper,,,Jonas Bluefeaturing JP Cooper,
2016,42.0,October 20,"J BalvinfeaturingPharrell Williams,BIAand Sky","""Safari""",DJ SnakefeaturingJustin Bieber,"""Let Me Love You""",Safari,Let Me Love You
2016,43.0,October 27,"J BalvinfeaturingPharrell Williams,BIAand Sky","""Safari""",,,Safari,
2016,44.0,November 3,"J BalvinfeaturingPharrell Williams,BIAand Sky","""Safari""",DJ SnakefeaturingJustin Bieber,"""Let Me Love You""",Safari,Let Me Love You
2016,45.0,November 10,ShakirafeaturingMaluma,"""Chantaje""",DJ Snake featuring Justin Bieber,"""Let Me Love You""",Chantaje,Let Me Love You
2016,46.0,November 17,Sebastián Yatra,"""Traicionera""",Bruno Mars,"""24K Magic""",Traicionera,24K Magic
2016,47.0,November 24,Shakira featuring Maluma,"""Chantaje""",Bruno Mars,,Chantaje,
2016,48.0,December 1,Shakira featuring Maluma,DJ Snake featuring Justin Bieber,"""Let Me Love You""","""24K Magic""",DJ Snake featuring Justin Bieber,24K Magic
2016,49.0,December 8,Shakira featuring Maluma,DJ Snake featuring Justin Bieber,,,DJ Snake featuring Justin Bieber,
2016,50.0,December 15,Shakira featuring Maluma,LP,"""Let Me Love You""",[100],LP,
2016,51.0,December 22,Shakira featuring Maluma,DJ Snake featuring Justin Bieber,"""Let Me Love You""",[102],DJ Snake featuring Justin Bieber,
2016,52.0,December 29,Shakira featuring Maluma,LP,"""Lost on You""",[104],LP,
2017,1.0,January 5,ShakirafeaturingMaluma,"""Chantaje""",DJ SnakefeaturingJustin Bieber,"""Let Me Love You""",Chantaje,Let Me Love You
2017,2.0,January 12,ShakirafeaturingMaluma,Clean BanditfeaturingSean PaulandAnne-Marie,"""Rockabye""",[4],Clean BanditfeaturingSean PaulandAnne-Marie,
2017,3.0,January 19,Luis FonsifeaturingDaddy Yankee,"""Despacito""","""Rockabye""",,Despacito,
2017,4.0,January 26,Luis FonsifeaturingDaddy Yankee,"""Despacito""",,,Despacito,
2017,5.0,February 2,Luis FonsifeaturingDaddy Yankee,"""Despacito""",,,Despacito,
2017,6.0,February 9,Luis FonsifeaturingDaddy Yankee,"""Despacito""",,,Despacito,
2017,7.0,February 16,Luis FonsifeaturingDaddy Yankee,Luis Fonsi featuring Daddy Yankee,"""Despacito""",[14],Luis Fonsi featuring Daddy Yankee,
2017,8.0,February 23,Luis FonsifeaturingDaddy Yankee,Luis Fonsi featuring Daddy Yankee,,,Luis Fonsi featuring Daddy Yankee,
2017,9.0,March 2,Luis FonsifeaturingDaddy Yankee,Luis Fonsi featuring Daddy Yankee,,,Luis Fonsi featuring Daddy Yankee,
2017,10.0,March 9,Luis FonsifeaturingDaddy Yankee,Clean Bandit featuring Sean Paul and Anne-Marie,"""Despacito""",[20],Clean Bandit featuring Sean Paul and Anne-Marie,
2017,11.0,March 16,Luis FonsifeaturingDaddy Yankee,Luis Fonsi featuring Daddy Yankee,"""Despacito""",[22],Luis Fonsi featuring Daddy Yankee,
2017,12.0,March 23,Luis FonsifeaturingDaddy Yankee,Luis Fonsi featuring Daddy Yankee,,,Luis Fonsi featuring Daddy Yankee,
2017,13.0,March 30,Luis FonsifeaturingDaddy Yankee,Enrique IglesiasfeaturingDescemer BuenoandZion & Lennox,"""Despacito""",[26],Enrique IglesiasfeaturingDescemer BuenoandZion & Lennox,
2017,14.0,April 6,Luis FonsifeaturingDaddy Yankee,Ed Sheeran,"""Shape of You""",[28],Ed Sheeran,
2017,15.0,April 13,Luis FonsifeaturingDaddy Yankee,Enrique Iglesias featuring Descemer Bueno and Zion & Lennox,"""Súbeme la radio""",[30],Enrique Iglesias featuring Descemer Bueno and Zion & Lennox,
2017,16.0,April 20,Luis FonsifeaturingDaddy Yankee,Katy PerryfeaturingSkip Marley,"""Chained to the Rhythm""",[32],Katy PerryfeaturingSkip Marley,
2017,17.0,April 27,Luis FonsifeaturingDaddy Yankee,Ed Sheeran,"""Shape of You""",[34],Ed Sheeran,
2017,18.0,May 4,Luis FonsifeaturingDaddy Yankee,Luis Fonsi featuring Daddy Yankee,"""Despacito""",[36],Luis Fonsi featuring Daddy Yankee,
2017,19.0,May 11,Luis FonsifeaturingDaddy Yankee,Luis Fonsi featuring Daddy Yankee,,,Luis Fonsi featuring Daddy Yankee,
2017,20.0,May 18,Luis FonsifeaturingDaddy Yankee,Katy Perry featuring Skip Marley,"""Despacito""",[40],Katy Perry featuring Skip Marley,
2017,21.0,May 25,Luis FonsifeaturingDaddy Yankee,Clean Bandit featuringZara Larsson,"""Symphony""",[42],Clean Bandit featuringZara Larsson,
2017,22.0,June 1,Luis FonsifeaturingDaddy Yankee,Luis Fonsi featuring Daddy Yankee,"""Despacito""",[44],Luis Fonsi featuring Daddy Yankee,
2017,23.0,June 8,Luis FonsifeaturingDaddy Yankee,Clean Bandit featuring Zara Larsson,"""Symphony""",[46],Clean Bandit featuring Zara Larsson,
2017,24.0,June 15,Luis FonsifeaturingDaddy Yankee,Kaleo,"""Way Down We Go""",[48],Kaleo,
2017,25.0,June 22,Luis FonsifeaturingDaddy Yankee,Kaleo,,,Kaleo,
2017,26.0,June 29,Luis FonsifeaturingDaddy Yankee,Charlie Puth,"""Attention""",[52],Charlie Puth,
2017,27.0,July 6,Luis FonsifeaturingDaddy Yankee,Charlie Puth,,,Charlie Puth,
2017,28.0,July 13,Luis FonsifeaturingDaddy Yankee,Charlie Puth,,,Charlie Puth,
2017,29.0,July 20,J BalvinandWilly William,"""Mi Gente""","""Attention""","""Issues""",Mi Gente,Issues
2017,30.0,July 27,J BalvinandWilly William,Charlie Puth,"""Attention""",[60],Charlie Puth,
2017,31.0,August 3,J BalvinandWilly William,Charlie Puth,,,Charlie Puth,
2017,32.0,August 10,J BalvinandWilly William,Efecto Pasillo,"""Attention""",[64],Efecto Pasillo,
2017,33.0,August 17,J BalvinandWilly William,Charlie Puth,"""Attention""",[66],Charlie Puth,
2017,34.0,August 24,J BalvinandWilly William,Clean Bandit featuring Zara Larsson,"""Symphony""",[68],Clean Bandit featuring Zara Larsson,
2017,35.0,August 31,J BalvinandWilly William,Robin SchulzfeaturingJames Blunt,"""OK""",[70],Robin SchulzfeaturingJames Blunt,
2017,36.0,September 7,J BalvinandWilly William,Robin SchulzfeaturingJames Blunt,,,Robin SchulzfeaturingJames Blunt,
2017,37.0,September 14,Becky Gfeaturing Bad Bunny,Robin SchulzfeaturingJames Blunt,"""OK""",,Robin SchulzfeaturingJames Blunt,
2017,38.0,September 21,Nacho,"""Bailame""","""OK""",,Bailame,
2017,39.0,September 28,Nacho,"""Bailame""",,,Bailame,
2017,40.0,October 5,Nacho,"""Bailame""",,,Bailame,
2017,41.0,October 12,Nacho,"""Bailame""",,,Bailame,
2017,42.0,October 19,Nacho,"""Bailame""","""OK""",[84],Bailame,
2017,43.0,October 26,Natti NatashafeaturingOzuna,"""Criminal""","""OK""","""OK""",Criminal,OK
2017,44.0,November 2,Natti NatashafeaturingOzuna,Pablo Alborán,"""No Vaya a Ser""",[88],Pablo Alborán,
2017,45.0,November 9,Natti NatashafeaturingOzuna,Pablo Alborán,,,Pablo Alborán,
2017,46.0,November 16,"Bad Bunny,Prince Royceand J Balvinfeaturing Mambo Kingz and DJ Luian","""Sensualidad""","""No Vaya a Ser""",,Sensualidad,
2017,47.0,November 23,"Bad Bunny,Prince Royceand J Balvinfeaturing Mambo Kingz and DJ Luian",Portugal. The Man,"""Feel It Still""",[94],Portugal. The Man,
2017,48.0,November 30,Luis Fonsi featuringDemi Lovato,"""Échame la Culpa""","""Feel It Still""",,Échame la Culpa,
2017,49.0,December 7,Luis Fonsi featuringDemi Lovato,"""Échame la Culpa""","""Havana""",[98],Échame la Culpa,
2017,50.0,December 14,Luis Fonsi featuringDemi Lovato,Ed Sheeran withBeyoncé,"""Perfect Duet""",[100],Ed Sheeran withBeyoncé,
2017,51.0,December 21,Luis Fonsi featuringDemi Lovato,Ed Sheeran withBeyoncé,,,Ed Sheeran withBeyoncé,
2017,52.0,December 28,Luis Fonsi featuringDemi Lovato,Camila Cabello featuring Young Thug,"""Perfect Duet""",[104],Camila Cabello featuring Young Thug,
2018,1.0,January 4,Luis FonsifeaturingDemi Lovato,"""Échame la Culpa""",Camila CabellofeaturingYoung Thug,"""Havana""",Échame la Culpa,Havana
2018,2.0,January 11,Luis FonsifeaturingDemi Lovato,Ed SheeranandBeyoncé,"""Perfect""",[4],Ed SheeranandBeyoncé,
2018,3.0,January 18,Luis FonsifeaturingDemi Lovato,Ed SheeranandBeyoncé,,,Ed SheeranandBeyoncé,
2018,4.0,January 25,Luis FonsifeaturingDemi Lovato,Camila Cabello featuring Young Thug,"""Perfect""",[8],Camila Cabello featuring Young Thug,
2018,5.0,February 1,Luis FonsifeaturingDemi Lovato,Ed Sheeran and Beyoncé,"""Perfect""",[10],Ed Sheeran and Beyoncé,
2018,6.0,February 8,AitanaandAna Guerra,"""Lo malo""",Morat andJuanes,"""Besos en guerra""",Lo malo,Besos en guerra
2018,7.0,February 15,Daddy Yankee,"""Dura""",Luis Fonsi featuring Demi Lovato,"""Échame la Culpa""",Dura,Échame la Culpa
2018,8.0,February 22,Bad Bunny,"""Amorfoda""",Luis Fonsi featuring Demi Lovato,,Amorfoda,
2018,9.0,March 1,Bad Bunny,"""Amorfoda""",,,Amorfoda,
2018,10.0,March 8,Bad Bunny,"""Amorfoda""",,,Amorfoda,
2018,11.0,March 15,Nicky JamandJ Balvin,"""X""",Ed Sheeran and Beyoncé,"""Perfect""",X,Perfect
2018,12.0,March 22,Nicky JamandJ Balvin,"""X""",,,X,
2018,13.0,March 29,Nicky JamandJ Balvin,"""X""",Ed Sheeran and Beyoncé,"""Perfect""",X,Perfect
2018,14.0,April 5,Nicky JamandJ Balvin,Ed Sheeran and Beyoncé,"""Perfect""",[28],Ed Sheeran and Beyoncé,
2018,15.0,April 12,Aitana and Ana Guerra,"""Lo malo""","""Perfect""",,Lo malo,
2018,16.0,April 19,Aitana and Ana Guerra,"""Lo malo""",,,Lo malo,
2018,17.0,April 26,Aitana and Ana Guerra,"""Lo malo""","""Perfect""",[34],Lo malo,
2018,18.0,May 3,Aitana and Ana Guerra,"""Lo malo""","""Perfect""",[36],Lo malo,
2018,19.0,May 10,"Nio Garcia, Darell and Casper Magico","""Te Boté""",Selena GomezandMarshmello,"""Wolves""",Te Boté,Wolves
2018,20.0,May 17,"Nio Garcia, Darell and Casper Magico",Álvaro Soler,"""La Cintura""",[40],Álvaro Soler,
2018,21.0,May 24,"Nio Garcia, Darell and Casper Magico",Álvaro Soler,,,Álvaro Soler,
2018,22.0,May 31,"Nio Garcia, Darell and Casper Magico",Aitana and Ana Guerra,"""La Cintura""",[44],Aitana and Ana Guerra,
2018,23.0,June 7,Cepeda,"""Esta vez""",Selena Gomez and Marshmello,"""Wolves""",Esta vez,Wolves
2018,24.0,June 14,Becky GandNatti Natasha,"""Sin Pijama""",Álvaro Soler,"""La Cintura""",Sin Pijama,La Cintura
2018,25.0,June 21,Becky GandNatti Natasha,"""Sin Pijama""",,,Sin Pijama,
2018,26.0,June 28,Becky GandNatti Natasha,"""Sin Pijama""",,,Sin Pijama,
2018,27.0,July 5,Becky GandNatti Natasha,"""Sin Pijama""",,,Sin Pijama,
2018,28.0,July 12,Becky GandNatti Natasha,"""Sin Pijama""",Álvaro Soler,"""La Cintura""",Sin Pijama,La Cintura
2018,29.0,July 19,Becky GandNatti Natasha,Álvaro Soler,"""La Cintura""","""La Cintura""",Álvaro Soler,La Cintura
2018,30.0,July 26,Becky GandNatti Natasha,Álvaro Soler,,,Álvaro Soler,
2018,31.0,August 2,Aitana,"""Teléfono""","""La Cintura""","""La Cintura""",Teléfono,La Cintura
2018,32.0,August 9,Aitana,"""Teléfono""","""La Cintura""",[64],Teléfono,
2018,33.0,August 16,Aitana,"""Teléfono""","""One Kiss""",[66],Teléfono,
2018,34.0,August 23,Aitana,"""Teléfono""","""La Cintura""",[68],Teléfono,
2018,35.0,August 30,Aitana,Calvin Harris and Dua Lipa,"""One Kiss""",[70],Calvin Harris and Dua Lipa,
2018,36.0,September 6,Aitana,Calvin Harris and Dua Lipa,,,Calvin Harris and Dua Lipa,
2018,37.0,September 13,OzunaandManuel Turizo,"""Vaina Loca""",MelendiwithAlejandro SanzandArkano,"""Déjala que baile""",Vaina Loca,Déjala que baile
2018,38.0,September 20,OzunaandManuel Turizo,"""Vaina Loca""",,,Vaina Loca,
2018,39.0,September 27,OzunaandManuel Turizo,"""Vaina Loca""",MelendiwithAlejandro SanzandArkano,"""Déjala que baile""",Vaina Loca,Déjala que baile
2018,40.0,October 4,6ix9inefeaturingAnuel AA,"""Bebe""",Eleni Foureira,"""Fuego""",Bebe,Fuego
2018,41.0,October 11,"DJ SnakefeaturingSelena Gomez, Ozuna andCardi B","""Taki Taki""",Blas Cantó,"""Él no soy yo""",Taki Taki,Él no soy yo
2018,42.0,October 18,Bad Bunny featuringDrake,"""Mía""",Eleni Foureira,"""Fuego""",Mía,Fuego
2018,43.0,October 25,Bad Bunny featuringDrake,Maroon 5,"""Girls Like You""",[86],Maroon 5,
2018,44.0,November 1,Bad Bunny featuringDrake,Maroon 5,,,Maroon 5,
2018,45.0,November 8,Rosalía,"""Di mi nombre""","""Girls Like You""",,Di mi nombre,
2018,46.0,November 15,Rosalía,"""Di mi nombre""",,,Di mi nombre,
2018,47.0,November 22,Paulo Londra,"""Adán y Eva""","""Girls Like You""",,Adán y Eva,
2018,48.0,November 29,Paulo Londra,"""Adán y Eva""","""Girls Like You""",[96],Adán y Eva,
2018,49.0,December 6,Aitana,"""Vas a quedarte""","""Girls Like You""","""Girls Like You""",Vas a quedarte,Girls Like You
2018,50.0,December 13,Paulo Londra,"""Adán y Eva""",Beret,"""Lo siento""",Adán y Eva,Lo siento
2018,51.0,December 20,Paulo Londra,"""Adán y Eva""","""Girls Like You""",[102],Adán y Eva,
2018,52.0,December 27,Paulo Londra,"""Adán y Eva""","""Perdón""",[104],Adán y Eva,
2019,1.0,January 3,Paulo Londra,"""Adán y Eva""",Maroon 5,"""Girls Like You""",Adán y Eva,Girls Like You
2019,2.0,January 10,Paulo Londra,"""Adán y Eva""",,,Adán y Eva,
2019,3.0,January 17,Paulo Londra,Beret,"""Lo siento""","""Girls Like You""",Beret,Girls Like You
2019,4.0,January 24,Anuel AAandKarol G,"""Secreto""","""Lo siento""",,Secreto,
2019,5.0,January 31,Anuel AAandKarol G,Lukas Graham,"""Love Someone""",[10],Lukas Graham,
2019,6.0,February 7,Anuel AAandKarol G,Lukas Graham,,,Lukas Graham,
2019,7.0,February 14,Daddy YankeefeaturingSnow,"""Con Calma""","""Love Someone""",,Con Calma,
2019,8.0,February 21,Daddy YankeefeaturingSnow,"""Con Calma""","""Love Someone""",[16],Con Calma,
2019,9.0,February 28,Daddy YankeefeaturingSnow,"""Con Calma""","""Love Someone""",[18],Con Calma,
2019,10.0,March 7,Daddy YankeefeaturingSnow,"""Con Calma""","""Sweet but Psycho""",[20],Con Calma,
2019,11.0,March 14,Don Patricio andCruz Cafuné,"""Contando lunares""",Lukas Graham,"""Love Someone""",Contando lunares,Love Someone
2019,12.0,March 21,Don Patricio andCruz Cafuné,"""Contando lunares""",,,Contando lunares,
2019,13.0,March 28,Don Patricio andCruz Cafuné,"""Contando lunares""",Lukas Graham,"""Love Someone""",Contando lunares,Love Someone
2019,14.0,April 4,"Rosalía,J BalvinandEl Guincho","""Con Altura""",Lukas Graham,"""Love Someone""",Con Altura,Love Someone
2019,15.0,April 11,"Rosalía,J BalvinandEl Guincho","""Con Altura""","""Sweet but Psycho""",[30],Con Altura,
2019,16.0,April 18,"Rosalía,J BalvinandEl Guincho",Lukas Graham,"""Love Someone""",[32],Lukas Graham,
2019,17.0,April 25,"Rosalía,J BalvinandEl Guincho",Lukas Graham,,,Lukas Graham,
2019,18.0,May 2,"Rosalía,J BalvinandEl Guincho",Lukas Graham,,,Lukas Graham,
2019,19.0,May 9,"Rosalía,J BalvinandEl Guincho",Mark RonsonfeaturingMiley Cyrus,"""Love Someone""",[38],Mark RonsonfeaturingMiley Cyrus,
2019,20.0,May 16,"Lunay,Daddy YankeeandBad Bunny","""Soltera"" (Remix)","""Love Someone""","""Sweet but Psycho""",Soltera,Sweet but Psycho
2019,21.0,May 23,"Lunay,Daddy YankeeandBad Bunny","""Soltera"" (Remix)","""Love Someone""",[42],Soltera,
2019,22.0,May 30,SechandDarell,"""Otro Trago""",Ed SheeranandJustin Bieber,"""I Don't Care""",Otro Trago,I Dont Care
2019,23.0,June 6,Rosalía,"""Aute Cuture""",Ed SheeranandJustin Bieber,,Aute Cuture,
2019,24.0,June 13,Bad Bunny andTainy,"""Callaíta""",Lukas Graham,"""I Don't Care""",Callaíta,I Dont Care
2019,25.0,June 20,Bad Bunny andTainy,"""Callaíta""","""Mi Persona Favorita""",[50],Callaíta,
2019,26.0,June 27,Bad Bunny andTainy,"""Callaíta""","""Sucker""",[52],Callaíta,
2019,27.0,July 4,Bad Bunny andTainy,MoratandAitana,"""Presiento""",[54],MoratandAitana,
2019,28.0,July 11,Rosalía,MoratandAitana,"""Presiento""",,MoratandAitana,
2019,29.0,July 18,Bad Bunny and Tainy,"""Callaíta""",DvicioandTaburete,"""5 Sentidos""",Callaíta,5 Sentidos
2019,30.0,July 25,"Anuel AA, Daddy Yankee and Karol Gfeaturing J Balvin andOzuna","""China""",Ed Sheeran and Justin Bieber,"""I Don't Care""",China,I Dont Care
2019,31.0,August 1,"Anuel AA, Daddy Yankee and Karol Gfeaturing J Balvin andOzuna","""China""","""Qué Bonito Es Querer""",[62],China,
2019,32.0,August 8,"Anuel AA, Daddy Yankee and Karol Gfeaturing J Balvin andOzuna","""China""","""Someone You Loved""",[64],China,
2019,33.0,August 15,"Anuel AA, Daddy Yankee and Karol Gfeaturing J Balvin andOzuna","""China""","""High Hopes""",[66],China,
2019,34.0,August 22,"Anuel AA, Daddy Yankee and Karol Gfeaturing J Balvin andOzuna","""China""","""Presiento""",[68],China,
2019,35.0,August 29,Rosalía and Ozuna,"""Yo x Ti, Tú x Mí""",Ed Sheeran and Justin Bieber,"""I Don't Care""","Yo x Ti, Tú x Mí",I Dont Care
2019,36.0,September 5,Rosalía and Ozuna,Shawn Mendesand Camila Cabello,"""Señorita""",[72],Shawn Mendesand Camila Cabello,
2019,37.0,September 12,Rosalía and Ozuna,Shawn Mendesand Camila Cabello,,,Shawn Mendesand Camila Cabello,
2019,38.0,September 19,Rosalía and Ozuna,Shawn Mendesand Camila Cabello,,,Shawn Mendesand Camila Cabello,
2019,39.0,September 26,Rosalía and Ozuna,Shawn Mendesand Camila Cabello,,,Shawn Mendesand Camila Cabello,
2019,40.0,October 3,"Anuel AA, Daddy Yankee and Karol Gfeaturing J Balvin and Ozuna","""China""","""Señorita""",,China,
2019,41.0,October 10,"Anuel AA, Daddy Yankee and Karol Gfeaturing J Balvin and Ozuna","""China""","""Señorita""",[82],China,
2019,42.0,October 17,"Anuel AA, Daddy Yankee and Karol Gfeaturing J Balvin and Ozuna","""China""","""Señorita""",[84],China,
2019,43.0,October 24,"Anuel AA, Daddy Yankee and Karol Gfeaturing J Balvin and Ozuna",Shawn Mendes and Camila Cabello,"""Señorita""",[86],Shawn Mendes and Camila Cabello,
2019,44.0,October 31,Omar MontesandBad Gyal,"""Alocao""","""Señorita""",,Alocao,
2019,45.0,November 7,Omar MontesandBad Gyal,Manuel Carrasco,"""Qué Bonito Es Querer""",[90],Manuel Carrasco,
2019,46.0,November 14,Omar MontesandBad Gyal,Manuel Carrasco,,,Manuel Carrasco,
2019,47.0,November 21,Omar MontesandBad Gyal,Manuel Carrasco,,,Manuel Carrasco,
2019,48.0,November 28,Omar MontesandBad Gyal,Tones and I,"""Dance Monkey""",[96],Tones and I,
2019,49.0,December 5,Karol G andNicki Minaj,"""Tusa""","""Dance Monkey""",,Tusa,
2019,50.0,December 12,Karol G andNicki Minaj,"""Tusa""","""Indios y vaqueros""",[100],Tusa,
2019,51.0,December 19,Karol G andNicki Minaj,"""Tusa""","""A dónde vamos""",[102],Tusa,
2019,52.0,December 26,Karol G andNicki Minaj,"""Tusa""","""Disparos""",[104],Tusa,
2020,1.0,January 2,Karol GandNicki Minaj,"""Tusa""",Maroon 5,"""Memories""",Tusa,Memories
2020,2.0,January 9,Karol GandNicki Minaj,"""Tusa""","""Si por mí fuera""",[4],Tusa,
2020,3.0,January 16,Karol GandNicki Minaj,Maroon 5,"""Memories""",[6],Maroon 5,
2020,4.0,January 23,Karol GandNicki Minaj,Maroon 5,,,Maroon 5,
2020,5.0,January 30,Karol GandNicki Minaj,Pablo AlboránandAva Max,"""Tabú""",[10],Pablo AlboránandAva Max,
2020,6.0,February 6,Karol GandNicki Minaj,Pablo AlboránandAva Max,,,Pablo AlboránandAva Max,
2020,7.0,February 13,Karol GandNicki Minaj,Pablo AlboránandAva Max,,,Pablo AlboránandAva Max,
2020,8.0,February 20,Karol GandNicki Minaj,Maroon 5,"""Memories""",[16],Maroon 5,
2020,9.0,February 27,Karol GandNicki Minaj,Maroon 5,,,Maroon 5,
2020,10.0,March 5,Karol GandNicki Minaj,David Oteroand Taburete,"""Una foto en blanco y negro""",[20],David Oteroand Taburete,
2020,11.0,March 12,Karol GandNicki Minaj,David Oteroand Taburete,,,David Oteroand Taburete,
2020,12.0,March 19,Karol GandNicki Minaj,David Oteroand Taburete,,,David Oteroand Taburete,
2020,13.0,March 26,J Balvin,David Oteroand Taburete,"""Una foto en blanco y negro""",,David Oteroand Taburete,
2020,14.0,April 2,Bad BunnyfeaturingJowell & RandyandÑengo Flow,"""Safaera""","""Una foto en blanco y negro""","""Soldadito de hierro""",Safaera,Soldadito de hierro
2020,15.0,April 9,Bad BunnyfeaturingJowell & RandyandÑengo Flow,Karol G and Nicki Minaj,"""Tusa""",[30],Karol G and Nicki Minaj,
2020,16.0,April 16,Bad BunnyfeaturingJowell & RandyandÑengo Flow,Karol G and Nicki Minaj,,,Karol G and Nicki Minaj,
2020,17.0,April 23,Bad BunnyfeaturingJowell & RandyandÑengo Flow,Karol G and Nicki Minaj,,,Karol G and Nicki Minaj,
2020,18.0,April 30,C. Tangana,"""Nunca Estoy""","""Tusa""","""Dance Monkey""",Nunca Estoy,Dance Monkey
2020,19.0,May 7,C. Tangana,"""Nunca Estoy""","""Tusa""",[38],Nunca Estoy,
2020,20.0,May 14,Bad Bunny andDon Omar,"""Pa' Romperla""",Nea,"""Some Say""",Pa Romperla,Some Say
2020,21.0,May 21,Bad Bunny andDon Omar,The Weeknd,"""Blinding Lights""",[42],The Weeknd,
2020,22.0,May 28,"Justin Quiles,Daddy YankeeandEl Alfa",The Weeknd,"""Blinding Lights""",,The Weeknd,
2020,23.0,June 4,RosalíaandTravis Scott,"""TKN""",Nea,"""Some Say""",TKN,Some Say
2020,24.0,June 11,Anuel AAand Bad Bunny,"""Hasta Que Dios Diga""",The Weeknd,"""Blinding Lights""",Hasta Que Dios Diga,Blinding Lights
2020,25.0,June 18,"Nio Garcia, Anuel AA,Myke Towers, Juanka and Brray","""La jeepeta (Remix)""",The Weeknd,,La jeepeta,
2020,26.0,June 25,Anuel AA,"""El manual""",The Weeknd,,El manual,
2020,27.0,July 2,Ozuna,"""Caramelo""",The Weeknd,,Caramelo,
2020,28.0,July 9,Ozuna,"""Caramelo""",,,Caramelo,
2020,29.0,July 16,Ozuna,David BisbalandAitana,"""Si tú la quieres""","""Blinding Lights""",David BisbalandAitana,Blinding Lights
2020,30.0,July 23,Ozuna,David BisbalandAitana,,,David BisbalandAitana,
2020,31.0,July 30,Tainyand J Balvin,"""Agua""",Beret and Pablo Alborán,"""Sueño""",Agua,Sueño
2020,32.0,August 6,"Trueno,Nicki Nicole,Bizarrap, Taiu and Tatool","""Mamichula""",Beret and Pablo Alborán,,Mamichula,
2020,33.0,August 13,"Trueno,Nicki Nicole,Bizarrap, Taiu and Tatool","""Mamichula""",,,Mamichula,
2020,34.0,August 20,"Trueno,Nicki Nicole,Bizarrap, Taiu and Tatool","""Mamichula""",,,Mamichula,
2020,35.0,August 27,Maluma,"""Hawái""",Beret and Pablo Alborán,"""Sueño""",Hawái,Sueño
2020,36.0,September 3,Maluma,"""Hawái""",Beret and Pablo Alborán,"""Sueño""",Hawái,Sueño
2020,37.0,September 10,Maluma,"""Hawái""","""Sueño""","""Sueño""",Hawái,Sueño
2020,38.0,September 17,Maluma,The Weeknd,"""Blinding Lights""",[76],The Weeknd,
2020,39.0,September 24,Maluma,The Weeknd,,,The Weeknd,
2020,40.0,October 1,Maluma,Ava Max,"""Kings & Queens""",[80],Ava Max,
2020,41.0,October 8,Maluma,Ava Max,,,Ava Max,
2020,42.0,October 15,Maluma,Ava Max,,,Ava Max,
2020,43.0,October 22,C. Tangana,"""Demasiadas mujeres""","""Kings & Queens""","""Los huesos""",Demasiadas mujeres,Los huesos
2020,44.0,October 29,"Manuel Turizo,Rauw Alejandroand Myke Towers","""La Nota""","""Kings & Queens""","""Mundo imperfecto""",La Nota,Mundo imperfecto
2020,45.0,November 5,Bad Bunny andJhay Cortez,"""Dakiti""",Ava Max,"""Kings & Queens""",Dakiti,Kings & Queens
2020,46.0,November 12,C. Tangana featuring Niño de Elche andLa Húngara,"""Tú Me Dejaste De Querer""",David GuettaandSia,"""Let's Love""",Tú Me Dejaste De Querer,Lets Love
2020,47.0,November 19,C. Tangana featuring Niño de Elche andLa Húngara,"""Tú Me Dejaste De Querer""","""Mi Religión""",[94],Tú Me Dejaste De Querer,
2020,48.0,November 26,Bad Bunny and Jhay Cortez,"""Dakiti""",Ava Max,"""Kings & Queens""",Dakiti,Kings & Queens
2020,49.0,December 2,Bad Bunny featuring Rosalía,"""La Noche de Anoche""",Sidecars,"""Mundo Imperfecto""",La Noche de Anoche,Mundo Imperfecto
2020,50.0,December 9,Bad Bunny and Jhay Cortez,"""Dakiti""",Ava Max,"""Kings & Queens""",Dakiti,Kings & Queens
2020,51.0,December 16,Bad Bunny and Jhay Cortez,BTS,"""Dynamite""",[102],BTS,
2020,52.0,December 23,Bad Bunny and Jhay Cortez,BTS,,,BTS,
2020,53.0,December 30,Bad Bunny and Jhay Cortez,BTS,,,BTS,
2021,1.0,January 1,Bad BunnyandJhay Cortez,"""Dakiti""",BTS,"""Dynamite""",Dakiti,Dynamite
2021,2.0,January 8,Bad BunnyandJhay Cortez,"""Dakiti""","""Mi Religión""",[4],Dakiti,
2021,3.0,January 15,Myke Towersand Juhn,"""Bandido""",Dani Martín,"""Portales""",Bandido,Portales
2021,4.0,January 22,Myke Towersand Juhn,"""Bandido""","""A un paso de la luna""",[8],Bandido,
2021,5.0,January 29,Myke Towersand Juhn,Nil Moliner,"""Mi Religión""",[10],Nil Moliner,
2021,6.0,February 5,Myke Towersand Juhn,Nil Moliner,,,Nil Moliner,
2021,7.0,February 12,"Rochy RD, Myke Towers andNicki Nicole","""Ella No Es Tuya""","""Mi Religión""","""Vida De Rico""",Ella No Es Tuya,Vida De Rico
2021,8.0,February 19,"Rochy RD, Myke Towers andNicki Nicole","""Ella No Es Tuya""","""Mi Religión""",[16],Ella No Es Tuya,
2021,9.0,February 26,C. TanganafeaturingGipsy Kings,"""Ingobernable""",Ana Mena and Rocco Hunt,"""A un paso de la luna""",Ingobernable,A un paso de la luna
2021,10.0,March 5,"Rochy RD, Myke Towers and Nicki Nicole","""Ella No es Tuya""",Camilo,"""Vida De Rico""",Ella No es Tuya,Vida De Rico
2021,11.0,March 12,"Rochy RD, Myke Towers and Nicki Nicole",Purple Disco MachineandSophie and the Giants,"""Hypnotized""",[22],Purple Disco MachineandSophie and the Giants,
2021,12.0,March 19,"Rochy RD, Myke Towers and Nicki Nicole",Purple Disco MachineandSophie and the Giants,,,Purple Disco MachineandSophie and the Giants,
2021,13.0,March 26,"Rochy RD, Myke Towers and Nicki Nicole",Álvaro de Luna,"""Hypnotized""",[26],Álvaro de Luna,
2021,14.0,April 2,"Los Legendarios,Wisinand Jhay Cortez","""Fiel""",BeretandMelendi,"""Desde Cero""",Fiel,Desde Cero
2021,15.0,April 9,"Los Legendarios,Wisinand Jhay Cortez","""Fiel""","""Hypnotized""",[30],Fiel,
2021,16.0,April 16,"Los Legendarios,Wisinand Jhay Cortez","""Fiel""","""Juramento eterno de sal""",[32],Fiel,
2021,17.0,April 23,Sebastián Yatrafeaturing Myke Towers,"""Pareja del Año""",Purple Disco Machine and Sophie and the Giants,"""Hypnotized""",Pareja del Año,Hypnotized
2021,18.0,April 30,Sebastián Yatrafeaturing Myke Towers,Álvaro de Luna,"""Juramento eterno de sal""",[36],Álvaro de Luna,
2021,19.0,May 7,Sebastián Yatrafeaturing Myke Towers,Álvaro de Luna,,,Álvaro de Luna,
2021,20.0,May 14,Sebastián Yatrafeaturing Myke Towers,Álvaro de Luna,,,Álvaro de Luna,
2021,21.0,May 21,Rauw Alejandro,"""Todo de Ti""","""Juramento eterno de sal""",,Todo de Ti,
2021,22.0,May 28,Rauw Alejandro,"""Todo de Ti""",,,Todo de Ti,
2021,23.0,June 5,Rauw Alejandro,"""Todo de Ti""",,,Todo de Ti,
2021,24.0,June 12,Rauw Alejandro,"""Todo de Ti""",,,Todo de Ti,
2021,25.0,June 19,Rauw Alejandro,"""Todo de Ti""",,,Todo de Ti,
2021,26.0,June 26,Rauw Alejandro,"""Todo de Ti""","""Juramento eterno de sal""",[52],Todo de Ti,
2021,27.0,July 3,Rauw Alejandro,"""Todo de Ti""","""Juramento eterno de sal""",[54],Todo de Ti,
2021,28.0,July 10,Rauw Alejandro,Álvaro de Luna,"""Juramento eterno de sal""",[56],Álvaro de Luna,
2021,29.0,July 17,Rauw Alejandro,Álvaro de Luna,,,Álvaro de Luna,
2021,30.0,July 24,Farruko,"""Pepas""",Rauw Alejandro,"""Todo de Ti""",Pepas,Todo de Ti
2021,31.0,July 31,Farruko,"""Pepas""",,,Pepas,
2021,32.0,August 7,Farruko,"""Pepas""",,,Pepas,
2021,33.0,August 14,Farruko,"""Pepas""",,,Pepas,
2021,34.0,August 21,Farruko,"""Pepas""",,,Pepas,
2021,35.0,August 28,Zzoilo andAitana,"""Mon Amour (Remix)""",Rauw Alejandro,,Mon Amour,
2021,36.0,September 4,Zzoilo andAitana,"""Mon Amour (Remix)""",,,Mon Amour,
2021,37.0,September 11,Zzoilo andAitana,"""Mon Amour (Remix)""",,,Mon Amour,
2021,38.0,September 18,Zzoilo andAitana,"""Mon Amour (Remix)""",,,Mon Amour,
2021,39.0,September 25,Zzoilo andAitana,"""Mon Amour (Remix)""",,,Mon Amour,
2021,40.0,October 2,Zzoilo andAitana,"""Mon Amour (Remix)""",Rauw Alejandro,"""Todo de Ti""",Mon Amour,Todo de Ti
2021,41.0,October 9,C. Tangana andNathy Peluso,"""Ateo""",Rauw Alejandro,"""Todo de Ti""",Ateo,Todo de Ti
2021,42.0,October 16,C. Tangana andNathy Peluso,Nil Moliner,"""Libertad""","""Todo de Ti""",Nil Moliner,Todo de Ti
2021,43.0,October 23,C. Tangana andNathy Peluso,Nil Moliner,,,Nil Moliner,
2021,44.0,October 30,C. Tangana andNathy Peluso,Nil Moliner,,,Nil Moliner,
2021,45.0,November 6,C. Tangana andNathy Peluso,Nil Moliner,,,Nil Moliner,
2021,46.0,November 13,RosalíafeaturingThe Weeknd,"""La Fama""","""Libertad""","""Todo de Ti""",La Fama,Todo de Ti
2021,47.0,November 20,RosalíafeaturingThe Weeknd,"""La Fama""","""Libertad""","""Todo de Ti""",La Fama,Todo de Ti
2021,48.0,November 27,RosalíafeaturingThe Weeknd,"""La Fama""","""Libertad""","""Todo de Ti""",La Fama,Todo de Ti
2021,49.0,December 3,Zzoilo and Aitana,"""Mon Amour (Remix)""",Elton JohnandDua Lipa,"""Todo de Ti""",Mon Amour,Todo de Ti
2021,50.0,December 10,BizarrapandMorad,"""Morad: Bzrp Music Sessions, Vol. 47""",Adele,"""Easy on Me""","Morad: Bzrp Music Sessions, Vol. 47",Easy on Me
2021,51.0,December 17,BizarrapandMorad,"""Morad: Bzrp Music Sessions, Vol. 47""",,,"Morad: Bzrp Music Sessions, Vol. 47",
2021,52.0,December 24,Zzoilo and Aitana,"""Mon Amour (Remix)""",Adele,,Mon Amour,
2021,1.0,December 31,Morad,"""Pelele""",Adele,,Pelele,
2022,1.0,December 31,Morad,"""Pelele""",Adele,"""Easy on Me""",Pelele,Easy on Me
2022,2.0,January 7,Rauw AlejandroandChencho Corleone,"""Desesperados""",Sebastián Yatra,"""Tacones Rojos""",Desesperados,Tacones Rojos
2022,3.0,January 14,Rauw AlejandroandChencho Corleone,"""Desesperados""",,,Desesperados,
2022,4.0,January 21,Rauw AlejandroandChencho Corleone,"""Desesperados""",,,Desesperados,
2022,5.0,January 28,Rigoberta Bandini,"""Ay mamá""",Sebastián Yatra,,Ay mamá,
2022,6.0,February 4,"La Pantera,Quevedo, Juseph,Cruz Cafunéand Abhir Hathi","""Cayó La Nochee (Remix)""",Sebastián Yatra,,Cayó La Nochee,
2022,7.0,February 11,"La Pantera,Quevedo, Juseph,Cruz Cafunéand Abhir Hathi","""Cayó La Nochee (Remix)""",,,Cayó La Nochee,
2022,8.0,February 18,Becky GandKarol G,"""Mamiii""",Sebastián Yatra,,Mamiii,
2022,9.0,February 25,"La Pantera, Quevedo, Juseph, Cruz Cafuné and Abhir Hathi","""Cayó La Nochee (Remix)""",Sebastián Yatra,,Cayó La Nochee,
2022,10.0,March 4,"La Pantera, Quevedo, Juseph, Cruz Cafuné and Abhir Hathi","""Cayó La Nochee (Remix)""",,,Cayó La Nochee,
2022,11.0,March 11,"La Pantera, Quevedo, Juseph, Cruz Cafuné and Abhir Hathi","""Cayó La Nochee (Remix)""",,,Cayó La Nochee,
2022,12.0,March 18,Rosalía,"""Candy""",Ana Mena,"""Música Ligera""",Candy,Música Ligera
2022,13.0,March 25,Paulo Londra,"""Plan A""",Ana Mena,,Plan A,
2022,14.0,April 2,"Alejo,Feidand ROBI","""Pantysito""",Sebastián Yatra,"""Música Ligera""",Pantysito,Música Ligera
2022,15.0,April 9,"Alejo,Feidand ROBI",Ana Mena,"""Música Ligera""",[30],Ana Mena,
2022,16.0,April 16,"Alejo,Feidand ROBI",Ana Mena,,,Ana Mena,
2022,17.0,April 23,Paulo Londra andBizarrap,"""Music Sessions Vol. 23""","""Música Ligera""",,Music Sessions Vol. 23,
2022,18.0,April 30,Paulo Londra andBizarrap,"""Music Sessions Vol. 23""","""Música Ligera""",[36],Music Sessions Vol. 23,
2022,19.0,May 6,Bad Bunny,"""Moscow Mule""",Sebastián Yatra,"""Tacones Rojos""",Moscow Mule,Tacones Rojos
2022,20.0,May 13,Chanel,"""SloMo""",Camila CabellofeaturingEd Sheeran,"""Bam Bam""",SloMo,Bam Bam
2022,21.0,May 20,Bad Bunny,"""Tití Me Preguntó""",Sebastián Yatra,"""Tacones Rojos""",Tití Me Preguntó,Tacones Rojos
2022,22.0,May 27,Bad Bunny,Harry Styles,"""As It Was""",[44],Harry Styles,
2022,23.0,June 3,Bad Bunny,Harry Styles,,,Harry Styles,
2022,24.0,June 10,Bad Bunny,Camila Cabello featuring Ed Sheeran,"""Bam Bam""",[48],Camila Cabello featuring Ed Sheeran,
2022,25.0,June 17,Bad Bunny,Camila Cabello featuring Ed Sheeran,,,Camila Cabello featuring Ed Sheeran,
2022,26.0,June 24,Bad Bunny,ShakiraandRauw Alejandro,"""Bam Bam""",[52],ShakiraandRauw Alejandro,
2022,27.0,July 1,Bad Bunny,Harry Styles,"""As It Was""",[54],Harry Styles,
2022,28.0,July 8,Bizarrap and Quevedo,"""Quevedo: Bzrp Music Sessions, Vol. 52""",Dani Fernández,"""Dile a los demás""","Quevedo: Bzrp Music Sessions, Vol. 52",Dile a los demás
2022,29.0,July 15,Bizarrap and Quevedo,"""Quevedo: Bzrp Music Sessions, Vol. 52""","""Te Felicito""",[58],"Quevedo: Bzrp Music Sessions, Vol. 52",
2022,30.0,July 22,Bizarrap and Quevedo,"""Quevedo: Bzrp Music Sessions, Vol. 52""","""As It Was""",[60],"Quevedo: Bzrp Music Sessions, Vol. 52",
2022,31.0,July 29,Rosalía,"""Despechá""",Shakira and Rauw Alejandro,"""Te Felicito""",Despechá,Te Felicito
2022,32.0,August 5,Bizarrap and Quevedo,"""Quevedo: Bzrp Music Sessions, Vol. 52""",Camila Cabello featuring Ed Sheeran,"""Bam Bam""","Quevedo: Bzrp Music Sessions, Vol. 52",Bam Bam
2022,33.0,August 12,Rosalía,"""Despechá""",Shakira and Rauw Alejandro,"""Te Felicito""",Despechá,Te Felicito
2022,34.0,August 19,Bizarrap and Quevedo,"""Quevedo: Bzrp Music Sessions, Vol. 52""",Camila Cabello featuring Ed Sheeran,"""Bam Bam""","Quevedo: Bzrp Music Sessions, Vol. 52",Bam Bam
2022,35.0,August 26,Bizarrap and Quevedo,"""Quevedo: Bzrp Music Sessions, Vol. 52""","""As It Was""",[70],"Quevedo: Bzrp Music Sessions, Vol. 52",
2022,36.0,September 2,Bizarrap and Quevedo,Camila Cabello featuring Ed Sheeran,"""Bam Bam""",[72],Camila Cabello featuring Ed Sheeran,
2022,37.0,September 9,Bizarrap and Quevedo,Camila Cabello featuring Ed Sheeran,,,Camila Cabello featuring Ed Sheeran,
2022,38.0,September 16,Bizarrap and Quevedo,Rosalía,"""Despechá""",[76],Rosalía,
2022,39.0,September 23,Bizarrap and Quevedo,Rosalía,,,Rosalía,
2022,40.0,September 30,Bizarrap and Quevedo,SangiovanniandAitiana,"""Mariposas""",[80],SangiovanniandAitiana,
2022,41.0,October 7,Bizarrap and Quevedo,SangiovanniandAitiana,,,SangiovanniandAitiana,
2022,42.0,October 14,Bizarrap and Quevedo,Rosalía,"""Despechá""",[84],Rosalía,
2022,43.0,October 21,Manuel Turizo,"""La Bachata""","""Despechá""",,La Bachata,
2022,44.0,October 28,Manuel Turizo,Sangiovanni and Aitiana,"""Mariposas""",[88],Sangiovanni and Aitiana,
2022,45.0,November 4,Mora and Quevedo,Sangiovanni and Aitiana,"""Mariposas""",,Sangiovanni and Aitiana,
2022,46.0,November 11,Manuel Turizo,Sangiovanni and Aitiana,"""Mariposas""",,Sangiovanni and Aitiana,
2022,47.0,November 18,Bizarrap andDuki,"""Duki: Bzrp Music Sessions, Vol. 50""",David GuettaandBebe Rexha,"""I'm Good (Blue)""","Duki: Bzrp Music Sessions, Vol. 50",Im Good
2022,48.0,November 25,Manuel Turizo,"""La Bachata""",Sangiovanni and Aitiana,"""Mariposas""",La Bachata,Mariposas
2022,49.0,December 2,Arcángeland Bad Bunny,"""La Jumpa""",Manuel Turizo,"""La Bachata""",La Jumpa,La Bachata
2022,50.0,December 9,Arcángeland Bad Bunny,"""La Jumpa""",,,La Jumpa,
2022,51.0,December 16,Quevedo and Myke Towers,"""Playa del Inglés""",Manuel Turizo,,Playa del Inglés,
2022,52.0,December 23,Arcángel and Bad Bunny,"""La Jumpa""",Manuel Turizo,,La Jumpa,
2023,1.0,December 30,Manuel Turizo,"""La Bachata""",Manuel Turizo,"""La Bachata""",La Bachata,La Bachata
2023,2.0,January 6,BizarrapandShakira,"""Shakira: Bzrp Music Sessions, Vol. 53""",Manuel Turizo,,"Shakira: Bzrp Music Sessions, Vol. 53",
2023,3.0,January 13,BizarrapandShakira,"""Shakira: Bzrp Music Sessions, Vol. 53""",,,"Shakira: Bzrp Music Sessions, Vol. 53",
2023,4.0,January 20,BizarrapandShakira,Bizarrap and Shakira,"""Shakira: Bzrp Music Sessions, Vol. 53""","""La Bachata""",Bizarrap and Shakira,La Bachata
2023,5.0,January 27,BizarrapandShakira,Bizarrap and Shakira,,,Bizarrap and Shakira,
2023,6.0,February 3,BizarrapandShakira,Bizarrap and Shakira,,,Bizarrap and Shakira,
2023,7.0,February 10,BizarrapandShakira,Bizarrap and Shakira,,,Bizarrap and Shakira,
2023,8.0,February 17,BizarrapandShakira,Bizarrap and Shakira,,,Bizarrap and Shakira,
2023,9.0,February 24,Karol Gand Shakira,"""TQG""","""Shakira: Bzrp Music Sessions, Vol. 53""",,TQG,
2023,10.0,March 3,Karol Gand Shakira,"""TQG""",,,TQG,
2023,11.0,March 10,Karol Gand Shakira,Miley Cyrus,"""Flowers""","""La Bachata""",Miley Cyrus,La Bachata
2023,12.0,March 17,Karol Gand Shakira,Miley Cyrus,,,Miley Cyrus,
2023,13.0,March 24,RosalíaandRauw Alejandro,"""Beso""","""Flowers""",,Beso,
2023,14.0,March 31,RosalíaandRauw Alejandro,"""Beso""","""Flowers""",[28],Beso,
2023,15.0,April 7,RosalíaandRauw Alejandro,Miley Cyrus,"""Flowers""",[30],Miley Cyrus,
2023,16.0,April 14,Lola ÍndigofeaturingQuevedo,"""El Tonto""","""Flowers""",,El Tonto,
2023,17.0,April 21,Lola ÍndigofeaturingQuevedo,"""El Tonto""",,,El Tonto,
2023,18.0,April 28,Saiko,"""Supernova""","""Flowers""","""Nochentera""",Supernova,Nochentera
2023,19.0,May 5,Lola Índigo featuring Quevedo,"""El Tonto""",Miley Cyrus,"""Flowers""",El Tonto,Flowers
2023,20.0,May 12,Lola Índigo featuring Quevedo,Vicco,"""Nochentera""",[40],Vicco,
2023,21.0,May 19,Shakira,Vicco,"""Nochentera""",,Vicco,
2023,22.0,May 26,Bad Bunny,"""Where She Goes""","""Nochentera""",,Where She Goes,
2023,23.0,June 2,Bad Bunny,"""Where She Goes""","""El Merengue""",[46],Where She Goes,
2023,24.0,June 9,"Saiko,Feid, Quevedo and Mora","""Polaris"" (Remix)",Miley Cyrus,"""Flowers""",Polaris,Flowers
2023,25.0,June 16,"Saiko,Feid, Quevedo and Mora","""Polaris"" (Remix)","""Nochentera""",[50],Polaris,
2023,26.0,June 23,Bizarrap and Rauw Alejandro,"""Rauw Alejandro: Bzrp Music Sessions, Vol. 56""",ChanelandAbraham Mateo,"""Clavaito""","Rauw Alejandro: Bzrp Music Sessions, Vol. 56",Clavaito
2023,27.0,June 30,Myke Towers,"""Lala""","David Guetta,Anne-MarieandCoi Leray","""Baby Don't Hurt Me""",Lala,Baby Dont Hurt Me
2023,28.0,July 7,Quevedo,"""Columbia""",Manuel Turizo featuring Marshmello,"""El Merengue""",Columbia,El Merengue
2023,29.0,July 14,Quevedo,"""Columbia""",,,Columbia,
2023,30.0,July 21,Quevedo,"""Columbia""",,,Columbia,
2023,31.0,July 28,Quevedo,"""Columbia""",,,Columbia,
2023,32.0,August 4,Quevedo,"""Columbia""",,,Columbia,
2023,33.0,August 11,Quevedo,"Sebastián Yatra, Manuel Turizo and Beéle","""Vagabundo""","""El Merengue""","Sebastián Yatra, Manuel Turizo and Beéle",El Merengue
2023,34.0,August 18,Quevedo,"Sebastián Yatra, Manuel Turizo and Beéle",,,"Sebastián Yatra, Manuel Turizo and Beéle",
2023,35.0,August 25,Quevedo,Chanel and Abraham Mateo,"""Vagabundo""","""El Merengue""",Chanel and Abraham Mateo,El Merengue
2023,36.0,September 1,Mora and Saiko,"""Reina""",Dua Lipa,"""El Merengue""",Reina,El Merengue
2023,37.0,September 8,Mora and Saiko,"""Reina""","""El Merengue""","""El Merengue""",Reina,El Merengue
2023,38.0,September 15,Mora and Saiko,"Sebastián Yatra, Manuel Turizo and Beéle","""Vagabundo""",[76],"Sebastián Yatra, Manuel Turizo and Beéle",
2023,39.0,September 22,Quevedo and Saiko,"Sebastián Yatra, Manuel Turizo and Beéle","""Vagabundo""",,"Sebastián Yatra, Manuel Turizo and Beéle",
2023,40.0,September 29,Iñigo Quintero,"""Si No Estás""","""Vagabundo""",,Si No Estás,
2023,41.0,October 6,Iñigo Quintero,Manuel Turizo featuring Marshmello,"""El Merengue""",[82],Manuel Turizo featuring Marshmello,
2023,42.0,October 13,Bad Bunny,Manuel Turizo featuring Marshmello,"""El Merengue""",,Manuel Turizo featuring Marshmello,
2023,43.0,October 20,Iñigo Quintero,"""Si No Estás""","Sebastián Yatra, Manuel Turizo and Beéle","""Vagabundo""",Si No Estás,Vagabundo
2023,44.0,October 27,Iñigo Quintero,"""Si No Estás""",,,Si No Estás,
2023,45.0,November 3,Iñigo Quintero,"""Si No Estás""","Sebastián Yatra, Manuel Turizo and Beéle","""Vagabundo""",Si No Estás,Vagabundo
2023,46.0,November 10,Iñigo Quintero,"""Si No Estás""","""El Merengue""",[92],Si No Estás,
2023,47.0,November 17,Iñigo Quintero,Ana Mena,"""Madrid City""",[94],Ana Mena,
2023,48.0,November 24,Iñigo Quintero,Ana Mena,,,Ana Mena,
2023,49.0,December 1,Dellafuente/Morad,"""Manos Rotas""","""Madrid City""",,Manos Rotas,
2023,50.0,December 8,Dellafuente/Morad,"""Manos Rotas""",,,Manos Rotas,
2023,51.0,December 15,Dellafuente/Morad,"""Manos Rotas""","""Madrid City""",[102],Manos Rotas,
2023,52.0,December 22,Dellafuente/Morad,Ana Mena,"""Madrid City""",[104],Ana Mena,
2023,1.0,December 29,Dellafuente/Morad,Ana Mena,,,Ana Mena,
2024,1.0,December 29,Dellafuente andMorad,"""Manos Rotas""",Ana Mena,"""Madrid City""",Manos Rotas,Madrid City
2024,2.0,January 5,Dellafuente andMorad,"""Manos Rotas""",,,Manos Rotas,
2024,3.0,January 12,BizarrapandYoung Miko,"""Young Miko: Bzrp Music Sessions, Vol. 58""",Ana Mena,"""Madrid City""","Young Miko: Bzrp Music Sessions, Vol. 58",Madrid City
2024,4.0,January 19,BizarrapandYoung Miko,Ana Mena,"""Madrid City""",[8],Ana Mena,
2024,5.0,January 26,BizarrapandYoung Miko,Ana Mena,,,Ana Mena,
2024,6.0,February 2,Quevedo,"""La Última""","""Madrid City""",,La Última,
2024,7.0,February 9,Quevedo,"""La Última""",,,La Última,
2024,8.0,February 16,FeidandATL Jacob,"""Luna""","""Madrid City""","""Houdini""",Luna,Houdini
2024,9.0,February 23,JC Reyes andDe la Ghetto,"""Fardos""",Ana Mena,"""Madrid City""",Fardos,Madrid City
2024,10.0,March 1,Gonzy,"""X'Clusivo""",Ana Mena,,XClusivo,
2024,11.0,March 8,Gonzy,"""X'Clusivo""",,,XClusivo,
2024,12.0,March 15,Gonzy,"""X'Clusivo""",Ana Mena,"""Madrid City""",XClusivo,Madrid City
2024,13.0,March 22,Gonzy,"""X'Clusivo""","""Madrid City""","""Madrid City""",XClusivo,Madrid City
2024,14.0,March 29,Gonzy,"""X'Clusivo""","""Luna""",[28],XClusivo,
2024,15.0,April 5,Gonzy,"""X'Clusivo""","""Madrid City""",[30],XClusivo,
2024,16.0,April 12,El Bobe andOmar Montes,"""El Conjuntito""",Benson Boone,"""Beautiful Things""",El Conjuntito,Beautiful Things
2024,17.0,April 19,"Rvssian,Rauw AlejandroandAyra Starr","""Santa""",Feid and ATL Jacob,"""Luna""",Santa,Luna
2024,18.0,April 26,"Rvssian,Rauw AlejandroandAyra Starr","""Santa""","""Beautiful Things""",[36],Santa,
2024,19.0,May 3,"Saiko, JC Reyes andDei V","""BadGyal""",Teddy Swims,"""Lose Control""",BadGyal,Lose Control
2024,20.0,May 10,"Saiko, JC Reyes andDei V",Benson Boone,"""Beautiful Things""",[40],Benson Boone,
2024,21.0,May 17,"Saiko, JC Reyes andDei V",Benson Boone,,,Benson Boone,
2024,22.0,May 24,"Saiko, JC Reyes andDei V",Myke Towers,"""La Falda""",[44],Myke Towers,
2024,23.0,May 31,"Saiko, JC Reyes andDei V",Myke Towers,,,Myke Towers,
2024,24.0,June 7,"Saiko, JC Reyes andDei V",Benson Boone,"""Beautiful Things""",[48],Benson Boone,
2024,25.0,June 14,Trueno,"""Real Gangsta Love""","""Beautiful Things""",,Real Gangsta Love,
2024,26.0,June 21,Trueno,"""Real Gangsta Love""",,,Real Gangsta Love,
2024,27.0,June 28,Karol G,"""Si Antes Te Hubiera Conocido""","""Beautiful Things""","""Lose Control""",Si Antes Te Hubiera Conocido,Lose Control
2024,28.0,July 5,Karol G,"""Si Antes Te Hubiera Conocido""","""Beautiful Things""",[56],Si Antes Te Hubiera Conocido,
2024,29.0,July 12,Isabel Aaiún,"""Potra salvaje""",Teddy Swims,"""Lose Control""",Potra salvaje,Lose Control
2024,30.0,July 19,Karol G,"""Si Antes Te Hubiera Conocido""",Teddy Swims,,Si Antes Te Hubiera Conocido,
2024,31.0,July 26,Karol G,Benson Boone,"""Beautiful Things""","""Lose Control""",Benson Boone,Lose Control
2024,32.0,August 2,Karol G,Benson Boone,,,Benson Boone,
2024,33.0,August 9,Karol G,Dani Fernández,"""Beautiful Things""",[66],Dani Fernández,
2024,34.0,August 16,Karol G,Karol G,"""Si Antes Te Hubiera Conocido""",[68],Karol G,
2024,35.0,August 23,Karol G,Karol G,,,Karol G,
2024,36.0,August 30,Karol G,Karol G,,,Karol G,
2024,37.0,September 6,Karol G,Karol G,,,Karol G,
2024,38.0,September 13,Karol G,Karol G,,,Karol G,
2024,39.0,September 20,Karol G,Karol G,,,Karol G,
2024,40.0,September 27,Karol G,Karol G,,,Karol G,
2024,41.0,October 4,Karol G,Benson Boone,"""Si Antes Te Hubiera Conocido""",[82],Benson Boone,
2024,42.0,October 11,Karol G,Karol G,"""Si Antes Te Hubiera Conocido""",[84],Karol G,
2024,43.0,October 18,Karol G,Karol G,,,Karol G,
2024,44.0,October 25,Myke Towers andBenny Blanco,"""Degenere""","""Si Antes Te Hubiera Conocido""",,Degenere,
2024,45.0,November 1,Myke Towers andBenny Blanco,"""Degenere""","""Si Antes Te Hubiera Conocido""",[90],Degenere,
2024,46.0,November 8,Clarent,"""IA""",Karol G,"""Si Antes Te Hubiera Conocido""",IA,Si Antes Te Hubiera Conocido
2024,47.0,November 15,Rauw Alejandro andBad Bunny,"""Qué Pasaría...""",Karol G,,Qué Pasaría...,
2024,48.0,November 22,Quevedo andAitana,"""Gran Vía""",Shakira,"""Soltera""",Gran Vía,Soltera
2024,49.0,November 29,Quevedo andAitana,"""Gran Vía""",,,Gran Vía,
2024,50.0,December 6,Quevedo andAitana,"""Gran Vía""",,,Gran Vía,
2024,51.0,December 13,Yorghaki / Alleh,"""Capaz (Merengueton)""",Shakira,"""Soltera""",Capaz,Soltera
2024,52.0,December 20,Yorghaki / Alleh,"""Capaz (Merengueton)""",Shakira,"""Soltera""",Capaz,Soltera
2024,1.0,December 27,Yorghaki / Alleh,"""Capaz (Merengueton)""","""Me Has Invitado a Bailar""",[106],Capaz,
2025,1.0,December 27,Yorghaki / Alleh,"""Capaz (Merengueton)""",Dani Fernández,"""Me Has Invitado a Bailar""",Capaz,Me Has Invitado a Bailar
2025,2.0,January 3,Yorghaki / Alleh,"""Capaz (Merengueton)""",,,Capaz,
2025,3.0,January 10,Bad Bunny,"""DTMF""",Dani Fernández,"""Me Has Invitado a Bailar""",DTMF,Me Has Invitado a Bailar
2025,4.0,January 17,Bad Bunny,"""DTMF""","""Die with a Smile""",[8],DTMF,
2025,5.0,January 24,"""Nuevayol""",[9],Dani Fernández,"""Me Has Invitado a Bailar""",,Me Has Invitado a Bailar
2025,6.0,January 31,"""Nuevayol""",Mark Ambor,"""Belong Together""",[12],Mark Ambor,
2025,7.0,February 7,Yorghaki / Alleh,"""Capaz (Merengueton)""","""Belong Together""",,Capaz,
2025,8.0,February 14,Yorghaki / Alleh,Dani Fernández,"""Me Has Invitado a Bailar""",[16],Dani Fernández,
2025,9.0,February 21,Yorghaki / Alleh,Dani Fernández,,,Dani Fernández,
2025,10.0,February 28,Yorghaki / Alleh,Dani Fernández,,,Dani Fernández,
2025,11.0,March 7,W Sound/Beéle/Ovy on the Drums,"""La Plena (W Sound 05)""","""Me Has Invitado a Bailar""",,La Plena,
2025,12.0,March 14,W Sound/Beéle/Ovy on the Drums,"""La Plena (W Sound 05)""",,,La Plena,
2025,13.0,March 21,"Delaossa,Quevedoand Bigla The Kid","""Still Luvin'""","""Me Has Invitado a Bailar""",,Still Luvin,
2025,14.0,March 28,W Sound/Beéle/Ovy on the Drums,"""La Plena (W Sound 05)""","""Me Has Invitado a Bailar""","""Die with a Smile""",La Plena,Die with a Smile
2025,15.0,April 4,W Sound/Beéle/Ovy on the Drums,"""La Plena (W Sound 05)""","""Me Has Invitado a Bailar""",[30],La Plena,
2025,16.0,April 11,W Sound/Beéle/Ovy on the Drums,"""La Plena (W Sound 05)""","""Me Has Invitado a Bailar""",[32],La Plena,
2025,17.0,April 18,W Sound/Beéle/Ovy on the Drums,Dani Fernández,"""Me Has Invitado a Bailar""",[34],Dani Fernández,
2025,18.0,April 25,W Sound/Beéle/Ovy on the Drums,Dani Fernández,,,Dani Fernández,
2025,19.0,May 2,W Sound/Beéle/Ovy on the Drums,RoséandBruno Mars,"""Me Has Invitado a Bailar""",[38],RoséandBruno Mars,
2025,20.0,May 9,W Sound/Beéle/Ovy on the Drums,Dani Fernández,"""Me Has Invitado a Bailar""",[40],Dani Fernández,
2025,21.0,May 16,W Sound/Beéle/Ovy on the Drums,Dani Fernández,,,Dani Fernández,
2025,22.0,May 23,MoraandC. Tangana,"""Droga""","""Me Has Invitado a Bailar""","""Apt.""",Droga,Apt.
2025,23.0,May 30,Beéle,"""No Tiene Sentido""",Dani Fernández,"""Me Has Invitado a Bailar""",No Tiene Sentido,Me Has Invitado a Bailar
2025,24.0,June 6,Beéle,"""No Tiene Sentido""","""Ordinary""",[48],No Tiene Sentido,
2025,25.0,June 13,Beéle,"""No Tiene Sentido""","""Me Has Invitado a Bailar""",[50],No Tiene Sentido,
2025,26.0,June 20,Beéle,Alex Warren,"""Ordinary""",[52],Alex Warren,
2025,27.0,June 27,W Sound/Beéle/Ovy on the Drums,"""La Plena (W Sound 05)""","""Ordinary""",,La Plena,
2025,28.0,July 4,W Sound/Beéle/Ovy on the Drums,"""La Plena (W Sound 05)""","""Me Has Invitado a Bailar""",[56],La Plena,
2025,29.0,July 11,Quevedo,"""Tuchat""",Alex Warren,"""Ordinary""",Tuchat,Ordinary
2025,30.0,July 18,W Sound/Beéle/Ovy on the Drums,"""La Plena (W Sound 05)""",Alex Warren,,La Plena,
2025,31.0,July 25,W Sound/Beéle/Ovy on the Drums,"""La Plena (W Sound 05)""",,,La Plena,
2025,32.0,August 1,Rels B,"""Tu Vas Sin (Fav)""",Alex Warren,,Tu Vas Sin,
2025,33.0,August 8,Rels B,"""Tu Vas Sin (Fav)""",Alex Warren,"""Ordinary""",Tu Vas Sin,Ordinary
2025,34.0,August 15,Rels B,Alex Warren,"""Ordinary""","""Ordinary""",Alex Warren,Ordinary
2025,35.0,August 22,Rels B,Alex Warren,,,Alex Warren,
2025,36.0,August 29,Kidd Voodoo/JC Reyes,"""Me Mario""","""Ordinary""","""Ordinary""",Me Mario,Ordinary
2025,37.0,September 5,Rels B,"""Tu Vas Sin (Fav)""",Alex Warren,"""Ordinary""",Tu Vas Sin,Ordinary
2025,38.0,September 12,Kidd Voodoo/JC Reyes,"""Me Mario""",Doechii,"""Anxiety""",Me Mario,Anxiety
2025,39.0,September 19,Kidd Voodoo/JC Reyes,"""Me Mario""","""Messy""",[78],Me Mario,
2025,40.0,September 26,Kidd Voodoo/JC Reyes,Alex Warren,"""Ordinary""",[80],Alex Warren,
2025,41.0,October 3,Taylor Swift,Alex Warren,"""Ordinary""",,Alex Warren,
2025,42.0,October 10,Huntr/x,"""Golden""","""Ordinary""",,Golden,
2025,43.0,October 17,Huntr/x,"""Golden""","""Golden""",[86],Golden,
