MUNICIPI,PSC-CP,ERC-AM,JUNTS,Cs,PP,Others,total_votes
Abella de la Conca,0,64,0,0,0,58,122
Abrera,3006,810,0,426,192,1378,5812
Agramunt,0,0,0,0,0,2326,2326
Aguilar de Segarra,0,0,123,0,0,60,183
Agullana,0,129,230,0,0,96,455
Aiguafreda,0,458,675,0,94,149,1376
Aiguamúrcia,0,0,0,0,10,517,527
Aiguaviva,14,140,0,0,0,314,468
Aitona,0,0,0,0,106,1118,1224
Alamús,0,0,0,0,0,449,449
Albagés,0,0,0,0,0,265,265
Albanyà,0,0,67,0,0,11,78
Albatàrrec,0,241,0,115,0,608,964
Albesa,0,0,0,0,0,847,847
Albi,0,0,0,0,0,520,520
Albinyana,376,128,712,117,13,0,1346
Albiol,0,0,0,0,0,276,276
Albons,0,0,0,0,0,345,345
Alcanar,355,2451,484,0,232,907,4429
Alcanó,0,0,0,0,0,130,130
Alcarràs,297,1173,0,155,95,1710,3430
Alcoletge,388,146,0,134,36,835,1539
Alcover,0,175,245,0,66,2046,2532
Aldea,0,0,1048,0,0,1024,2072
Aldover,223,0,0,0,0,316,539
Aleixar,0,64,262,0,0,177,503
Alella,0,0,0,441,144,4186,4771
Alfara de Carles,0,0,0,0,0,177,177
Alfarràs,448,234,0,0,50,842,1574
Alforja,99,348,533,0,0,0,980
Alfés,0,0,0,0,0,155,155
Algerri,0,0,0,0,0,207,207
Alguaire,0,557,0,0,0,852,1409
Alins,0,44,0,0,0,159,203
Alió,0,0,209,0,0,0,209
Almacelles,0,417,0,70,141,2319,2947
Almatret,0,48,0,0,0,142,190
Almenar,0,757,0,0,37,999,1793
Almoster,0,498,200,0,0,0,698
Alp,0,0,0,0,0,778,778
Alpens,0,0,0,0,0,186,186
Alpicat,232,668,0,185,122,1891,3098
Alt Àneu,0,0,0,0,0,294,294
Altafulla,212,0,0,144,90,2254,2700
Alàs i Cerc,0,0,0,0,0,192,192
Alòs de Balaguer,0,0,59,0,0,27,86
Amer,0,349,0,0,0,839,1188
Ametlla de Mar,0,1418,912,238,0,596,3164
Ametlla del Vallès,377,0,1079,0,190,2582,4228
Ampolla,0,398,956,203,0,0,1557
Amposta,860,0,0,410,0,8456,9726
Anglesola,0,0,0,0,0,789,789
Anglès,63,143,0,0,0,2274,2480
Arbeca,0,0,0,0,0,1261,1261
Arbolí,0,64,35,0,0,0,99
Arboç,1297,0,0,133,0,1033,2463
Arbúcies,0,591,0,0,0,2368,2959
Arenys de Mar,801,2023,0,312,360,4118,7614
Arenys de Munt,740,1818,1165,0,0,742,4465
Argelaguer,0,0,0,0,0,186,186
Argentera,0,0,0,0,0,75,75
Argentona,847,0,0,0,628,4926,6401
Argençola,0,105,0,0,0,26,131
Armentera,0,0,0,0,0,329,329
Arnes,0,120,169,0,0,62,351
Arres,0,0,0,0,0,51,51
Arsèguel,0,26,0,0,0,28,54
Artesa de Lleida,0,403,0,0,0,472,875
Artesa de Segre,0,747,401,0,0,451,1599
Artés,0,1156,0,434,0,1258,2848
Ascó,0,279,69,0,0,755,1103
Aspa,0,0,0,0,1,138,139
Avellanes i Santa Linya,0,0,143,0,0,155,298
Avinyonet de Puigventós,0,0,539,0,0,168,707
Avinyonet del Penedès,0,0,0,0,0,951,951
Avinyó,0,887,247,0,0,0,1134
Avià,0,0,0,0,0,1301,1301
Badalona,19913,0,0,1772,37539,40105,99329
Badia del Vallès,2949,476,135,563,250,1289,5662
Bagà,0,0,0,0,0,1281,1281
Baix Pallars,0,0,0,0,0,214,214
Balaguer,1079,0,1247,252,269,4181,7028
Balenyà,0,383,0,0,0,1399,1782
Balsareny,0,738,833,0,0,0,1571
Banyeres del Penedès,385,0,305,0,72,780,1542
Banyoles,0,0,0,0,0,9069,9069
Barbens,0,0,214,0,0,223,437
Barberà de la Conca,0,0,0,0,0,172,172
Barberà del Vallès,3941,2421,0,1424,728,6790,15304
Barcelona,138885,0,79280,0,37786,495857,751808
Baronia de Rialb,0,38,139,0,0,8,185
Bassella,0,0,0,0,0,163,163
Batea,0,0,339,0,0,737,1076
Bausen,0,0,0,0,0,48,48
Begues,352,648,0,331,68,2276,3675
Begur,214,0,0,51,0,1759,2024
Belianes,0,0,0,0,0,244,244
Bell-lloc d'Urgell,0,0,646,0,62,556,1264
Bellaguarda,0,0,0,0,0,226,226
Bellcaire d'Empordà,0,0,0,0,0,401,401
Bellcaire d'Urgell,0,0,188,0,0,595,783
Bellmunt d'Urgell,0,0,81,0,0,45,126
Bellmunt del Priorat,0,0,138,0,0,0,138
Bellprat,0,0,0,0,0,43,43
Bellpuig,0,0,0,0,0,2168,2168
Bellvei,275,0,302,132,0,334,1043
Bellver de Cerdanya,0,194,0,0,0,839,1033
Bellvís,0,0,331,0,0,847,1178
Benavent de Segrià,0,225,0,0,47,526,798
Benifallet,0,168,0,0,0,360,528
Benissanet,0,0,0,0,0,436,436
Berga,745,948,0,90,252,6082,8117
Besalú,0,0,0,0,0,1285,1285
Bescanó,0,1116,0,0,0,1582,2698
Beuda,0,57,0,0,0,150,207
Bigues i Riells del Fai,0,0,229,355,100,3646,4330
Biosca,0,0,96,0,0,4,100
Bisbal d'Empordà,0,1513,0,0,0,2929,4442
Bisbal de Montsant,3,0,103,0,0,25,131
Bisbal del Penedès,281,179,0,0,0,1243,1703
Biure,0,0,6,0,0,123,129
Blancafort,0,215,0,0,0,0,215
Blanes,3249,3268,0,2017,561,6903,15998
Boadella i les Escaules,0,107,63,0,0,7,177
Bolvir,0,0,0,0,0,258,258
Bonastre,0,107,0,0,0,231,338
Bordils,0,87,0,0,0,736,823
Borges Blanques,0,0,0,85,53,2829,2967
Borges del Camp,123,442,553,0,0,0,1118
Borrassà,0,0,307,0,0,0,307
Borredà,0,0,0,0,0,315,315
Bossòst,0,0,0,0,0,611,611
Bot,0,0,142,0,0,237,379
Botarell,145,383,0,0,0,36,564
Bovera,0,0,0,0,0,172,172
Breda,213,1376,0,0,0,492,2081
Bruc,0,0,300,0,0,709,1009
Brull,0,0,0,0,0,111,111
Brunyola i Sant Martí Sapresa,0,0,0,0,0,255,255
Bràfim,0,0,0,0,0,412,412
Bàscara,0,345,193,0,0,0,538
Bòrdes,0,0,0,0,0,151,151
Cabacés,0,0,0,0,0,167,167
Cabanabona,0,0,30,0,0,17,47
Cabanelles,0,0,0,0,0,82,82
Cabanes,0,0,297,0,0,219,516
Cabanyes,0,0,339,0,0,190,529
Cabra del Camp,0,0,257,0,0,326,583
Cabrera d'Anoia,269,0,41,98,0,289,697
Cabrera de Mar,233,482,0,163,0,1731,2609
Cabrils,339,1237,743,392,0,816,3527
Cabó,0,25,0,0,7,63,95
Cadaqués,0,141,374,0,0,731,1246
Calaf,0,0,0,0,0,1681,1681
Calafell,3659,1449,0,968,670,3450,10196
Calders,0,0,0,0,0,593,593
Caldes d'Estrac,295,565,273,79,0,134,1346
Caldes de Malavella,436,664,0,252,0,2098,3450
Caldes de Montbui,1378,4113,888,0,543,1364,8286
Calella,1068,1860,0,510,334,4357,8129
Calldetenes,0,0,0,0,0,1360,1360
Callús,0,696,305,0,0,0,1001
Calonge de Segarra,0,0,95,0,0,43,138
Calonge i Sant Antoni,697,1145,0,0,268,2361,4471
Camarasa,0,0,221,0,0,323,544
Camarles,0,732,548,0,0,422,1702
Cambrils,1883,2841,1660,1918,854,4219,13375
Campdevànol,92,591,0,0,0,1048,1731
Campelles,0,60,0,0,0,35,95
Campins,0,145,91,0,0,65,301
Campllong,0,129,0,0,0,176,305
Camprodon,0,0,0,0,0,1255,1255
Camós,0,0,0,0,0,447,447
Canejan,0,0,0,0,0,78,78
Canet d'Adri,0,0,0,0,0,441,441
Canet de Mar,867,1556,462,282,326,3476,6969
Canonja,1734,189,199,229,121,285,2757
Canovelles,3403,754,0,448,240,1206,6051
Cantallops,12,135,0,0,0,0,147
Canyelles,0,146,1576,143,29,300,2194
Capafonts,0,0,0,0,0,93,93
Capellades,414,902,0,297,0,1169,2782
Capmany,12,0,231,0,0,0,243
Capolat,0,0,0,0,0,59,59
Capçanes,0,0,0,0,0,184,184
Cardedeu,1542,3176,887,528,242,2671,9046
Cardona,614,1442,504,146,0,0,2706
Carme,0,0,0,0,0,351,351
Caseres,0,0,0,0,0,136,136
Casserres,0,0,0,0,0,746,746
Cassà de la Selva,478,2139,0,0,0,2136,4753
"Castell d'Aro, Platja d'Aro i s'Agaró",935,698,0,248,142,1877,3900
Castell de Mur,0,54,0,0,0,111,165
Castell de l'Areny,0,0,45,0,0,0,45
Castellar de la Ribera,0,0,44,0,0,44,88
Castellar de n'Hug,0,37,0,0,0,66,103
Castellar del Riu,0,54,0,0,0,57,111
Castellar del Vallès,0,2771,1307,731,265,7243,12317
Castellbell i el Vilar,943,499,354,0,27,0,1823
Castellbisbal,1737,701,0,587,0,2992,6017
Castellcir,0,0,0,0,0,312,312
Castelldans,0,0,0,0,62,458,520
Castelldefels,5430,4290,1525,1777,7904,5847,26773
Castellet i la Gornal,456,298,239,132,0,0,1125
Castellfollit de Riubregós,0,0,74,0,0,38,112
Castellfollit de la Roca,0,403,0,0,0,103,506
Castellfollit del Boix,0,0,0,0,0,261,261
Castellgalí,547,366,99,63,0,0,1075
Castellnou de Bages,0,373,117,0,0,257,747
Castellnou de Seana,0,114,271,0,0,0,385
Castellolí,0,0,0,0,0,338,338
Castellserà,0,0,0,0,0,614,614
Castellterçol,0,0,0,0,0,1145,1145
Castellvell del Camp,174,494,512,0,79,292,1551
Castellví de Rosanes,0,0,0,80,0,931,1011
Castellví de la Marca,0,213,632,0,0,0,845
Castelló d'Empúries,333,1108,209,293,128,971,3042
Castelló de Farfanya,0,0,127,0,0,231,358
Catllar,629,0,236,230,81,977,2153
Cava,0,10,0,0,0,30,40
Cellera de Ter,0,0,0,0,0,1032,1032
Celrà,266,0,0,0,0,2218,2484
Centelles,1714,0,0,0,0,2156,3870
Cercs,0,0,333,0,0,337,670
Cerdanyola del Vallès,8688,5420,1864,3704,1604,7075,28355
Cervelló,0,0,0,316,89,4026,4431
Cervera,466,0,752,126,216,2191,3751
Cervià de Ter,0,184,0,0,0,374,558
Cervià de les Garrigues,0,0,0,0,0,310,310
Cistella,0,0,132,0,0,0,132
Ciutadilla,11,0,0,0,0,141,152
Clariana de Cardener,0,0,54,0,0,65,119
Cogul,0,0,0,0,0,83,83
Colera,0,0,194,0,0,0,194
Coll de Nargó,0,228,0,0,0,112,340
Collbató,0,0,414,199,31,1525,2169
Colldejou,0,67,56,0,0,0,123
Collsuspina,0,0,0,0,0,226,226
Colomers,0,0,0,0,0,88,88
Coma i la Pedra,0,0,57,0,0,116,173
Conca de Dalt,0,0,0,0,0,147,147
Conesa,0,0,0,0,0,42,42
Constantí,1472,0,224,108,116,589,2509
Copons,0,0,11,0,0,191,202
Corbera d'Ebre,0,143,116,0,79,268,606
Corbera de Llobregat,0,2151,0,548,213,3300,6212
Corbins,0,0,0,0,0,708,708
Cornellà de Llobregat,18184,5387,0,3813,1820,8936,38140
Cornellà del Terri,0,0,0,0,0,1326,1326
Cornudella de Montsant,0,402,147,0,0,0,549
Corçà,40,0,0,0,0,722,762
Creixell,312,205,386,0,273,347,1523
Crespià,0,0,0,0,0,140,140
"Cruïlles, Monells i Sant Sadurní de l'Heura",0,0,0,0,0,626,626
Cubelles,1037,790,664,691,254,3044,6480
Cubells,0,89,137,0,0,0,226
Cunit,1166,772,0,878,199,1825,4840
Cànoves i Samalús,549,206,0,0,0,998,1753
Darnius,0,0,0,0,0,297,297
Das,0,0,0,0,0,215,215
Deltebre,0,0,0,88,0,6279,6367
Dosrius,814,723,0,156,123,877,2693
Duesaigües,0,0,0,0,24,147,171
Escala,0,566,0,0,0,3315,3881
Esparreguera,3802,1485,700,888,276,2858,10009
Espinelves,0,0,0,0,0,110,110
Espluga Calba,0,0,0,0,0,136,136
Espluga de Francolí,0,0,0,0,0,2034,2034
Esplugues de Llobregat,9525,0,0,2527,1283,8833,22168
Espolla,0,0,0,0,0,230,230
Esponellà,0,0,0,0,0,274,274
Espot,0,54,0,0,0,191,245
Espunyola,0,0,0,0,0,172,172
Esquirol,0,0,0,0,0,1210,1210
Estamariu,0,0,0,0,0,53,53
Estany,0,173,0,0,0,89,262
Estaràs,0,0,52,0,0,51,103
Esterri d'Àneu,0,255,0,0,0,129,384
Esterri de Cardós,0,0,0,0,0,47,47
Falset,0,0,134,0,0,1384,1518
Far d'Empordà,0,318,0,0,0,56,374
Farrera,0,0,0,0,0,73,73
Fatarella,0,0,166,0,0,421,587
Febró,7,0,0,0,0,22,29
Figaró-Montmany,0,0,0,0,0,543,543
Figuera,3,0,0,0,0,61,64
Figueres,2489,3232,0,1384,671,7809,15585
Figuerola del Camp,0,0,0,0,0,138,138
Flaçà,0,0,0,0,0,533,533
Flix,0,0,373,0,0,1597,1970
Floresta,0,0,0,0,0,93,93
Fogars de Montclús,0,93,181,0,0,0,274
Fogars de la Selva,0,131,0,0,0,569,700
Foixà,0,0,0,0,0,161,161
Folgueroles,0,0,0,0,0,1363,1363
Fondarella,0,0,316,0,0,149,465
Fonollosa,0,0,0,0,0,669,669
Font-rubí,0,266,0,0,0,465,731
Fontanals de Cerdanya,0,0,0,0,0,215,215
Fontanilles,0,0,0,0,0,69,69
Fontcoberta,0,0,0,0,0,872,872
Foradada,0,0,98,0,0,8,106
Forallac,0,0,0,43,0,957,1000
Fornells de la Selva,0,338,0,0,34,1163,1535
Fortià,122,0,0,0,0,281,403
Forès,0,0,29,0,0,0,29
Franqueses del Vallès,2280,0,0,799,176,5061,8316
Freginals,0,0,169,0,0,51,220
Fuliola,0,0,0,0,0,678,678
Fulleda,0,0,0,0,0,58,58
Fígols,0,16,0,0,0,23,39
Fígols i Alinyà,0,84,0,0,0,93,177
Gaià,0,53,0,0,0,54,107
Galera,0,120,324,0,0,0,444
Gallifa,0,27,0,0,0,167,194
Gandesa,67,0,806,0,127,558,1558
Garcia,0,0,81,0,0,195,276
Garidells,4,0,0,0,0,96,100
Garriga,1016,0,2519,660,0,4181,8376
Garrigoles,0,38,0,0,1,52,91
Garriguella,0,0,210,0,0,288,498
Garrigàs,0,0,188,0,0,0,188
Gavet de la Conca,0,45,0,0,0,132,177
Gavà,8726,0,1222,2363,1069,7247,20627
Gelida,0,1044,217,151,50,2253,3715
Ger,0,64,0,0,0,182,246
Gimenells i el Pla de la Font,0,0,0,0,306,365,671
Ginestar,0,290,0,0,0,0,290
Girona,8123,6289,0,2891,1429,24419,43151
Gironella,149,0,0,0,23,2473,2645
Gisclareny,0,20,0,0,0,0,20
Godall,0,0,0,0,42,410,452
Golmés,0,0,623,0,0,336,959
Gombrèn,0,0,0,0,0,122,122
Granada,168,0,474,0,0,505,1147
Granadella,0,0,0,0,0,483,483
Granera,0,15,0,0,0,36,51
Granja d'Escarp,0,0,0,0,41,355,396
Granollers,11974,4206,3600,2538,832,4469,27619
Granyanella,0,0,45,0,0,1,46
Granyena de Segarra,0,0,64,0,0,1,65
Granyena de les Garrigues,0,0,64,0,0,5,69
Gratallops,0,0,0,0,0,117,117
Gualba,0,0,385,0,0,365,750
Gualta,0,66,0,0,5,131,202
Guardiola de Berguedà,0,0,0,0,0,522,522
Guiamets,0,0,0,0,0,182,182
Guils de Cerdanya,0,60,0,0,0,266,326
Guimerà,0,0,0,0,0,160,160
Guingueta d'Àneu,0,0,0,0,0,196,196
Guissona,357,542,705,0,0,299,1903
Guixers,2,0,0,0,0,146,148
Gurb,0,0,0,0,0,1622,1622
Gósol,4,0,0,0,0,114,118
Horta de Sant Joan,0,0,335,0,0,405,740
Hospitalet de Llobregat,43696,16342,3486,11899,5199,19741,100363
Hostalets de Pierola,0,600,264,60,34,527,1485
Hostalric,128,0,0,0,0,1975,2103
Igualada,0,4217,7503,1082,651,5650,19103
Isona i Conca Dellà,0,0,0,0,0,616,616
Isòvol,0,0,0,0,0,167,167
Ivars d'Urgell,0,0,407,0,0,454,861
Ivars de Noguera,0,0,154,0,0,0,154
Ivorra,0,69,0,0,0,0,69
Jafre,0,0,0,0,0,233,233
Jonquera,117,463,481,131,0,0,1192
Jorba,0,263,164,0,0,0,427
Josa i Tuixén,0,0,0,0,0,80,80
Juià,0,0,0,0,0,173,173
Juncosa,0,0,0,0,0,175,175
Juneda,216,0,0,0,0,1506,1722
Les,0,0,0,0,0,495,495
Linyola,0,781,547,0,0,0,1328
Llacuna,0,0,0,0,0,483,483
Lladorre,0,28,0,0,0,122,150
Lladurs,3,33,87,0,0,35,158
Lladó,0,287,0,0,0,0,287
Llagosta,3931,578,0,356,217,884,5966
Llagostera,385,1128,0,169,0,1982,3664
Llambilles,0,0,0,0,0,445,445
Llanars,0,247,0,0,0,0,247
Llançà,560,760,707,0,0,479,2506
Llardecans,0,0,0,0,0,237,237
Llavorsí,0,0,0,0,0,256,256
Lleida,0,13402,0,5521,3416,33653,55992
Llers,0,0,412,0,0,210,622
Lles de Cerdanya,0,0,0,0,0,130,130
Llimiana,0,0,0,0,0,149,149
Llinars del Vallès,663,2819,321,481,0,388,4672
Lliçà d'Amunt,2864,1812,396,527,318,1212,7129
Lliçà de Vall,710,911,731,409,109,501,3371
Lloar,3,0,48,0,0,0,51
Llobera,1,56,66,0,0,52,175
Llorac,7,19,40,0,0,0,66
Llorenç del Penedès,222,101,527,0,0,337,1187
Lloret de Mar,2151,1488,0,1682,413,5830,11564
Llosses,0,69,0,0,0,51,120
Lluçà,0,0,0,0,0,113,113
Llívia,0,0,0,0,0,717,717
Madremanya,0,0,0,0,0,142,142
Maials,0,215,0,0,0,308,523
Maià de Montcal,0,0,0,0,0,151,151
Maldà,0,0,0,0,1,181,182
Malgrat de Mar,3125,1366,0,398,342,3353,8584
Malla,0,0,0,0,0,182,182
Manlleu,1249,0,0,346,0,6648,8243
Manresa,4743,9119,0,2282,840,15170,32154
Margalef,2,0,51,0,0,0,53
Marganell,0,0,114,0,0,70,184
Martorell,1859,1084,5958,828,307,1717,11753
Martorelles,0,1320,79,165,0,839,2403
Marçà,0,0,268,0,0,0,268
Mas de Barberans,0,71,0,0,0,275,346
Masarac i Vilarnadal,0,0,147,0,0,6,153
Masdenverge,44,228,355,0,0,0,627
Masies de Roda,0,0,0,0,0,421,421
Masies de Voltregà,0,0,0,0,0,1794,1794
Masllorenç,0,0,116,0,0,194,310
Masnou,1528,0,0,1207,366,8794,11895
Maspujols,0,0,259,0,0,204,463
Masquefa,1135,763,1726,386,81,295,4386
Masroig,0,0,78,0,0,226,304
Massalcoreig,0,229,0,0,0,0,229
Massanes,0,0,0,0,0,402,402
Massoteres,0,37,81,0,0,4,122
Masó,0,0,141,0,0,0,141
Matadepera,240,939,2578,295,213,557,4822
Mataró,21542,0,3633,3413,2109,24664,55361
Maçanet de Cabrenys,25,0,0,0,0,294,319
Maçanet de la Selva,301,616,0,162,0,1917,2996
Mediona,0,0,163,0,0,940,1103
Menàrguens,0,0,0,0,0,471,471
Meranges,0,0,0,0,12,51,63
Mieres,64,0,0,0,0,147,211
Milà,0,0,75,0,0,57,132
Miralcamp,0,0,313,0,0,471,784
Miravet,0,0,0,0,0,447,447
Moià,283,0,0,0,0,2607,2890
Molar,0,0,67,0,0,138,205
Molins de Rei,4077,2120,0,696,263,6488,13644
Mollerussa,722,1369,0,148,299,2852,5390
Mollet de Peralada,13,0,90,0,0,33,136
Mollet del Vallès,7921,0,1142,2135,970,10425,22593
Molló,0,0,0,0,0,173,173
Molsosa,4,0,0,0,0,58,62
Monistrol de Calders,0,0,0,0,0,454,454
Monistrol de Montserrat,195,521,0,0,133,599,1448
Mont-ral,10,0,0,0,0,95,105
Mont-ras,101,0,0,0,0,839,940
Mont-roig del Camp,1609,0,879,457,160,1660,4765
Montagut i Oix,0,0,0,0,0,412,412
Montblanc,371,0,0,0,0,3135,3506
Montbrió del Camp,68,0,294,0,0,902,1264
Montcada i Reixac,3348,2966,723,1587,563,5969,15156
Montclar,0,0,0,0,0,68,68
Montellà i Martinet,0,0,0,0,0,305,305
Montesquiu,0,195,0,0,0,352,547
Montferrer i Castellbò,0,104,0,0,0,446,550
Montferri,0,0,119,0,0,0,119
Montgai,0,0,0,0,0,475,475
Montgat,964,1530,877,557,113,1666,5707
Montmajor,0,0,0,0,0,282,282
Montmaneu,0,0,0,0,0,107,107
Montmell,222,47,59,0,0,402,730
Montmeló,1867,412,0,141,136,2196,4752
Montoliu de Lleida,0,0,0,0,11,280,291
Montoliu de Segarra,0,0,44,0,0,67,111
Montornès de Segarra,37,0,0,0,0,46,83
Montornès del Vallès,1581,0,363,609,477,4256,7286
Montseny,0,127,0,0,0,115,242
Morell,170,0,588,219,16,795,1788
Morera de Montsant,4,51,35,0,0,35,125
Muntanyola,0,0,0,0,0,369,369
Mura,0,50,0,0,0,131,181
Móra d'Ebre,316,440,1223,86,134,509,2708
Móra la Nova,297,846,407,0,0,0,1550
Nalec,0,0,0,0,0,69,69
Naut Aran,0,0,0,0,0,1018,1018
Navarcles,667,0,0,0,105,2409,3181
Navata,40,0,0,0,0,654,694
Navàs,580,1167,0,0,0,1447,3194
Navès,0,0,134,0,0,0,134
Nou de Berguedà,0,0,0,0,0,75,75
Nou de Gaià,0,0,0,0,0,322,322
Nulles,0,0,216,0,0,0,216
Odèn,0,0,80,0,0,124,204
Ogassa,0,0,0,0,0,152,152
Olesa de Bonesvalls,292,234,61,94,0,220,901
Olesa de Montserrat,1986,1617,0,1227,242,5442,10514
Oliana,0,0,0,0,0,1068,1068
Oliola,0,0,0,0,0,137,137
Olius,0,91,237,0,0,202,530
Olivella,648,211,178,93,42,323,1495
Olost,0,0,0,0,0,535,535
Olot,1761,3337,0,590,0,9676,15364
Oluges,0,0,36,0,0,61,97
Olvan,32,186,0,0,0,326,544
Olèrdola,0,378,357,0,0,1140,1875
Omellons,0,0,50,0,0,96,146
Omells de na Gaia,0,0,0,0,0,65,65
Ordis,0,168,0,0,0,0,168
Organyà,0,126,0,0,0,378,504
Oristà,0,0,0,0,0,284,284
Orpí,0,0,48,0,0,54,102
Orís,0,0,0,0,0,227,227
Os de Balaguer,0,0,0,0,0,429,429
Osor,33,0,0,0,0,190,223
Ossó de Sió,0,0,0,0,0,135,135
Pacs del Penedès,0,168,327,0,0,0,495
Palafolls,1503,1850,198,237,61,583,4432
Palafrugell,2631,2510,0,527,168,2848,8684
Palamós,1442,3880,0,473,247,1871,7913
Palau d'Anglesola,0,0,0,0,0,1238,1238
Palau de Santa Eulàlia,0,36,10,0,0,14,60
Palau-sator,0,140,0,0,0,0,140
Palau-saverdera,0,0,188,0,0,501,689
Palau-solità i Plegamans,1853,1947,0,884,0,2425,7109
Pallaresos,0,272,0,286,102,1585,2245
Pallejà,1123,1083,0,381,0,3342,5929
Palma d'Ebre,0,0,163,0,0,80,243
Palma de Cervelló,165,217,0,95,10,1168,1655
Palol de Revardit,0,0,0,0,0,266,266
Pals,257,0,0,0,0,946,1203
Papiol,0,687,0,0,0,1304,1991
Pardines,0,0,0,0,0,72,72
Parets del Vallès,3398,2295,0,775,238,2409,9115
Parlavà,0,231,0,0,0,0,231
Passanant i Belltall,12,0,0,0,0,127,139
Pau,0,0,0,7,0,310,317
Paüls,46,0,0,0,0,324,370
Pedret i Marzà,0,0,48,0,0,68,116
Penelles,0,0,0,0,0,258,258
Pera,0,0,0,0,0,219,219
Perafita,0,0,0,0,0,239,239
Perafort,134,113,338,67,10,63,725
Peralada,0,0,663,0,0,248,911
Peramola,0,0,0,0,0,203,203
Perelló,0,841,465,0,0,0,1306
Piera,1493,1783,1342,641,340,959,6558
Piles,0,0,0,0,0,83,83
Pineda de Mar,5587,0,0,607,536,5377,12107
Pinell de Brai,0,82,225,0,0,397,704
Pinell de Solsonès,1,0,52,0,0,92,145
Pinós,0,0,135,0,0,39,174
Pira,0,0,0,0,0,222,222
Pla de Santa Maria,0,199,837,0,0,242,1278
Pla del Penedès,0,270,309,0,0,103,682
Planes d'Hostoles,0,0,0,0,0,702,702
Planoles,0,0,0,0,0,190,190
Plans de Sió,0,227,65,0,0,0,292
Poal,0,0,241,0,0,143,384
Pobla de Claramunt,140,176,444,0,0,414,1174
Pobla de Cérvoles,0,48,0,0,3,80,131
Pobla de Lillet,0,440,0,0,0,286,726
Pobla de Mafumet,224,212,0,95,17,1314,1862
Pobla de Massaluca,0,0,156,0,0,0,156
Pobla de Montornès,0,429,0,0,102,753,1284
Pobla de Segur,372,898,0,0,0,247,1517
Poboleda,0,161,45,0,0,0,206
Polinyà,2363,530,0,228,110,640,3871
Pont d'Armentera,0,0,163,0,0,125,288
Pont de Bar,0,31,0,0,0,87,118
Pont de Molins,6,63,0,0,0,281,350
Pont de Suert,0,0,0,0,49,1073,1122
Pont de Vilomara i Rocafort,825,733,0,259,0,242,2059
Pontils,0,0,54,0,0,27,81
Pontons,0,0,86,0,167,55,308
Ponts,0,565,0,0,0,750,1315
Pontós,0,0,78,0,0,113,191
Porqueres,0,0,0,0,0,2523,2523
Porrera,15,0,242,0,0,0,257
Port de la Selva,0,0,359,0,0,168,527
Portbou,0,0,0,0,0,533,533
Portella,0,0,0,0,0,376,376
Pradell de la Teixeta,0,0,72,0,0,0,72
Prades,0,0,0,0,0,340,340
Prat de Comte,14,0,95,0,0,0,109
Prat de Llobregat,6310,3347,1435,2893,1343,14215,29543
Pratdip,0,0,0,0,0,464,464
Prats de Lluçanès,0,504,0,0,0,1105,1609
Prats de Rei,0,0,0,0,0,266,266
Prats i Sansor,0,0,0,0,0,112,112
Preixana,0,0,0,0,0,191,191
Preixens,0,0,0,0,0,257,257
Premià de Dalt,685,733,2311,476,182,649,5036
Premià de Mar,1753,0,0,1498,330,9484,13065
Preses,0,0,0,0,0,1017,1017
Prullans,0,50,0,0,0,109,159
Puig-reig,0,0,0,0,0,2145,2145
Puigcerdà,0,955,0,0,278,2348,3581
Puigdàlber,0,129,177,0,0,0,306
Puiggròs,0,0,0,0,0,152,152
Puigpelat,0,0,376,0,0,217,593
Puigverd d'Agramunt,0,0,0,0,0,173,173
Puigverd de Lleida,0,0,0,0,25,775,800
Pujalt,0,0,0,0,0,125,125
Quar,0,29,0,0,0,0,29
Quart,365,477,0,0,0,1231,2073
Queralbs,0,38,0,0,0,139,177
Querol,41,0,0,0,0,253,294
Rabós,0,44,94,0,0,6,144
Rajadell,37,115,214,0,0,0,366
Rasquera,0,182,155,0,0,158,495
Regencós,0,95,0,0,0,72,167
Rellinars,24,106,0,0,0,328,458
Renau,0,0,0,0,0,93,93
Reus,7329,7434,0,4624,2046,21623,43056
Rialp,0,0,0,0,0,393,393
Riba,0,0,287,0,0,0,287
Riba-roja d'Ebre,0,0,0,0,0,650,650
Ribera d'Ondara,0,0,179,0,0,125,304
Ribera d'Urgellet,0,108,0,0,0,358,466
Ribes de Freser,0,0,0,0,0,974,974
Riells i Viabrea,368,0,0,0,59,1632,2059
Riera de Gaià,85,0,0,0,0,822,907
Riner,0,0,0,0,0,176,176
Ripoll,838,936,0,0,0,3436,5210
Ripollet,4243,0,0,2013,650,9433,16339
Riu de Cerdanya,0,0,0,0,0,79,79
Riudarenes,0,0,0,0,0,1059,1059
Riudaura,0,0,0,0,0,268,268
Riudecanyes,0,312,0,30,0,278,620
Riudecols,0,494,0,0,0,172,666
Riudellots de la Selva,0,524,0,0,0,595,1119
Riudoms,281,918,1628,0,0,398,3225
Riumors,0,0,0,0,0,92,92
Roca del Vallès,957,1815,1345,520,115,438,5190
Rocafort de Queralt,0,124,0,0,0,0,124
Roda de Berà,573,336,177,281,221,1358,2946
Roda de Ter,0,0,0,0,0,3057,3057
Rodonyà,0,65,204,0,0,0,269
Roquetes,0,1617,521,287,0,1090,3515
Roses,1209,1462,0,783,445,2862,6761
Rosselló,0,210,0,88,11,1090,1399
Rourell,0,0,177,0,13,0,190
Rubió,0,0,87,0,0,68,155
Rubí,10492,7232,0,3301,1171,9439,31635
Rupit i Pruit,0,0,0,0,0,164,164
Rupià,0,0,0,0,0,132,132
Ràpita,731,3279,0,181,0,2503,6694
Sabadell,28808,19284,9005,9865,2811,26216,95989
Sagàs,0,0,0,0,0,59,59
Saldes,0,0,0,0,0,145,145
Sales de Llierca,0,0,0,0,0,62,62
Sallent,0,1632,0,0,0,1848,3480
Salomó,0,0,0,0,0,210,210
Salou,1484,1393,2237,1253,465,1712,8544
Salt,1722,2493,0,373,219,3850,8657
Salàs de Pallars,0,83,0,0,0,123,206
Sanaüja,0,0,117,0,0,132,249
Sant Adrià de Besòs,4199,0,0,2131,602,6286,13218
Sant Agustí de Lluçanès,0,0,0,0,0,50,50
Sant Andreu Salou,0,43,0,0,0,74,117
Sant Andreu de Llavaneres,448,2383,673,551,490,460,5005
Sant Andreu de la Barca,5080,0,506,1435,442,4407,11870
Sant Aniol de Finestres,0,0,0,0,0,221,221
Sant Antoni de Vilamajor,0,715,0,0,0,2229,2944
Sant Bartomeu del Grau,0,0,0,0,0,524,524
Sant Boi de Llobregat,16001,6233,1743,3915,1633,7632,37157
Sant Boi de Lluçanès,0,0,0,0,0,274,274
Sant Cebrià de Vallalta,163,458,239,0,0,748,1608
Sant Celoni,2083,1386,0,397,0,4529,8395
Sant Climent Sescebes,56,180,89,0,0,0,325
Sant Climent de Llobregat,0,0,0,126,17,2031,2174
Sant Cugat Sesgarrigues,0,267,0,0,0,351,618
Sant Cugat del Vallès,0,0,12146,5188,1935,24561,43830
Sant Esteve Sesrovires,935,1172,0,335,0,1377,3819
Sant Esteve de Palautordera,0,321,770,0,0,448,1539
Sant Esteve de la Sarga,0,57,0,0,2,39,98
Sant Feliu Sasserra,0,284,0,0,0,0,284
Sant Feliu de Buixalleu,0,185,0,0,0,254,439
Sant Feliu de Codines,262,400,1205,0,0,1109,2976
Sant Feliu de Guíxols,1253,1326,0,339,214,6008,9140
Sant Feliu de Llobregat,5307,4777,0,2265,882,9004,22235
Sant Feliu de Pallerols,0,0,0,0,0,856,856
Sant Ferriol,4,0,0,0,0,133,137
Sant Fost de Campsentelles,380,0,0,167,73,3742,4362
Sant Fruitós de Bages,783,926,0,0,0,2707,4416
Sant Gregori,121,396,0,0,0,1619,2136
Sant Guim de Freixenet,0,398,117,0,0,0,515
Sant Guim de la Plana,0,77,0,0,0,54,131
Sant Hilari Sacalm,0,541,0,0,0,2209,2750
Sant Hipòlit de Voltregà,0,0,0,0,0,1878,1878
Sant Iscle de Vallalta,19,96,82,0,0,523,720
Sant Jaume d'Enveja,1115,492,225,0,0,127,1959
Sant Jaume de Frontanyà,0,0,0,0,0,21,21
Sant Jaume de Llierca,0,0,0,0,0,356,356
Sant Jaume dels Domenys,145,311,0,0,0,835,1291
Sant Joan Despí,7929,2742,0,1656,672,4167,17166
Sant Joan de Mollet,0,0,0,0,0,227,227
Sant Joan de Vilatorrada,1021,981,0,329,95,3091,5517
Sant Joan de les Abadesses,0,856,0,0,0,1172,2028
Sant Joan les Fonts,0,0,0,0,0,1559,1559
Sant Jordi Desvalls,0,156,0,0,0,261,417
Sant Julià de Cerdanyola,0,0,0,0,0,118,118
Sant Julià de Ramis,0,1026,0,0,0,676,1702
Sant Julià de Vilatorta,0,0,0,0,0,1347,1347
Sant Julià del Llor i Bonmatí,0,0,0,0,0,518,518
Sant Just Desvern,3244,1549,0,695,374,3139,9001
Sant Llorenç Savall,60,529,0,0,0,672,1261
Sant Llorenç d'Hortons,0,0,0,0,0,1253,1253
Sant Llorenç de Morunys,0,0,159,0,0,362,521
Sant Llorenç de la Muga,2,0,0,0,0,192,194
Sant Martí Sarroca,0,300,0,0,0,1400,1700
Sant Martí Sesgueioles,0,0,89,0,0,157,246
Sant Martí Vell,0,0,0,0,6,141,147
Sant Martí d'Albars,0,0,0,0,0,84,84
Sant Martí de Centelles,0,0,0,0,0,567,567
Sant Martí de Llémena,5,0,0,0,0,319,324
Sant Martí de Riucorb,0,0,0,0,0,447,447
Sant Martí de Tous,0,435,117,0,0,199,751
Sant Mateu de Bages,0,193,0,0,0,227,420
Sant Miquel de Campmajor,3,0,0,0,0,130,133
Sant Miquel de Fluvià,0,0,0,0,0,281,281
Sant Mori,0,57,37,0,0,51,145
Sant Pau de Segúries,0,0,0,0,0,449,449
Sant Pere Pescador,0,0,0,0,0,728,728
Sant Pere Sallavinera,0,0,50,0,0,38,88
Sant Pere de Ribes,6278,1344,0,795,360,4240,13017
Sant Pere de Riudebitlles,0,457,524,0,0,218,1199
Sant Pere de Torelló,0,0,0,0,0,1282,1282
Sant Pere de Vilamajor,400,938,0,0,0,739,2077
Sant Pol de Mar,174,855,214,0,116,1418,2777
Sant Quintí de Mediona,0,625,0,0,88,399,1112
Sant Quirze Safaja,0,0,0,0,0,325,325
Sant Quirze de Besora,0,391,0,0,0,831,1222
Sant Quirze del Vallès,1381,0,1751,1088,389,5490,10099
Sant Ramon,0,110,196,0,0,0,306
Sant Sadurní d'Anoia,1440,1838,1454,0,487,1420,6639
Sant Sadurní d'Osormort,0,10,0,0,0,45,55
Sant Salvador de Guardiola,361,0,706,0,0,492,1559
Sant Vicenç de Castellet,740,1580,1391,0,0,351,4062
Sant Vicenç de Montalt,730,316,0,239,196,1684,3165
Sant Vicenç de Torelló,0,0,0,0,0,1188,1188
Sant Vicenç dels Horts,0,0,0,1512,242,11056,12810
Santa Bàrbara,211,373,582,0,346,293,1805
Santa Cecília de Voltregà,0,0,0,0,0,136,136
Santa Coloma de Cervelló,584,0,0,320,66,2961,3931
Santa Coloma de Farners,619,1659,0,0,0,3029,5307
Santa Coloma de Gramenet,22913,4460,0,6349,1918,9143,44783
Santa Coloma de Queralt,0,492,0,0,0,956,1448
Santa Cristina d'Aro,0,769,0,139,86,1290,2284
Santa Eugènia de Berga,0,0,0,0,23,1253,1276
Santa Eulàlia de Riuprimer,0,0,0,0,0,510,510
Santa Eulàlia de Ronçana,0,559,170,279,0,2487,3495
Santa Fe del Penedès,0,0,124,0,0,124,248
Santa Llogaia d'Àlguema,0,0,0,0,0,128,128
Santa Margarida de Montbui,1919,507,0,198,48,2036,4708
Santa Margarida i els Monjos,1628,1050,0,188,0,476,3342
Santa Maria d'Oló,0,0,0,0,0,484,484
Santa Maria de Besora,0,0,0,0,0,117,117
Santa Maria de Martorelles,0,174,123,0,0,203,500
Santa Maria de Merlès,0,0,0,0,0,47,47
Santa Maria de Miralles,0,0,38,0,0,51,89
Santa Maria de Palautordera,667,0,2579,0,0,1458,4704
Santa Oliva,570,491,64,168,72,280,1645
Santa Pau,0,0,0,0,0,989,989
Santa Perpètua de Mogoda,1741,0,0,1427,261,7604,11033
Santa Susanna,104,0,0,153,0,1393,1650
Santpedor,0,1580,846,0,0,1478,3904
Sarral,0,0,325,0,0,504,829
Sarrià de Ter,521,1141,0,203,0,758,2623
Sarroca de Bellera,0,0,0,0,0,103,103
Sarroca de Lleida,0,0,0,0,0,257,257
"Saus, Camallera i Llampaies",0,0,258,0,0,223,481
Savallà del Comtat,0,0,23,0,0,20,43
Secuita,0,640,0,0,97,0,737
Selva de Mar,2,25,102,0,0,0,129
Selva del Camp,0,614,1013,0,0,1465,3092
Senan,0,0,0,0,0,24,24
Senterada,0,18,0,0,0,114,132
Sentiu de Sió,0,0,0,0,0,281,281
Sentmenat,905,639,785,189,110,1766,4394
Serinyà,0,0,0,0,0,539,539
Serra de Daró,0,47,0,0,0,98,145
Seròs,0,418,0,0,22,470,910
Setcases,0,48,0,0,0,109,157
Seu d'Urgell,0,1192,0,126,167,4064,5549
Seva,0,1094,0,0,0,830,1924
Sidamon,0,78,328,0,0,0,406
Sils,178,0,0,132,73,2237,2620
Sitges,1406,2172,1860,1349,423,5235,12445
Siurana,0,0,44,0,0,64,108
Sobremunt,0,0,0,0,0,44,44
Soleràs,0,0,43,0,0,152,195
Solivella,0,0,0,0,0,329,329
Solsona,313,2145,1038,178,0,691,4365
Sora,0,0,0,0,0,121,121
Soriguera,0,0,0,0,0,265,265
Sort,110,0,0,0,0,1084,1194
Soses,0,426,0,0,0,414,840
Subirats,158,509,652,0,58,364,1741
Sudanell,0,0,0,0,0,500,500
Sunyer,0,0,0,0,0,186,186
Susqueda,0,50,0,0,0,5,55
Sénia,0,0,0,0,0,2713,2713
Súria,871,754,213,103,0,1363,3304
Tagamanent,0,0,0,0,0,112,112
Talamanca,0,0,94,0,0,62,156
Talarn,0,0,0,0,0,234,234
Talavera,0,0,135,0,0,70,205
Tallada d'Empordà,0,0,0,0,0,290,290
Taradell,0,2312,0,0,0,1176,3488
Tarragona,13416,0,6395,8439,3595,25262,57107
Tarroja de Segarra,0,0,66,0,3,103,172
Tarrés,0,0,0,0,0,73,73
Tavertet,0,26,0,0,2,47,75
Tavèrnoles,0,73,0,0,0,138,211
Teià,321,0,0,355,0,2692,3368
Terrades,0,0,104,0,0,0,104
Terrassa,19638,0,7225,7747,2958,57555,95123
Tiana,759,1058,1348,247,164,1127,4703
Tiurana,0,0,44,0,0,17,61
Tivenys,303,0,0,0,0,307,610
Tivissa,0,0,425,0,0,586,1011
Tona,334,939,0,0,126,2755,4154
Tordera,1167,0,0,527,225,5184,7103
Torelló,938,0,0,274,0,5552,6764
Torms,0,0,0,0,0,110,110
Tornabous,0,142,0,0,0,291,433
Torre de Cabdella,0,255,95,0,0,136,486
Torre de Claramunt,494,326,884,0,0,207,1911
Torre de Fontaubella,9,0,0,0,0,89,98
Torre de l'Espanyol,0,0,0,0,0,291,291
Torre-serona,0,0,0,0,0,247,247
Torrebesses,0,0,0,0,0,136,136
Torredembarra,1337,2494,0,960,280,1759,6830
Torrefarrera,296,399,0,0,88,1340,2123
Torrefeta i Florejacs,0,240,113,0,0,0,353
Torregrossa,0,827,0,0,0,185,1012
Torrelameu,0,306,0,0,0,131,437
Torrelavit,0,254,367,0,0,190,811
Torrelles de Foix,117,165,745,0,0,75,1102
Torrelles de Llobregat,490,768,493,157,34,949,2891
Torrent,61,51,0,0,3,56,171
Torres de Segre,303,176,0,0,27,500,1006
Torroella de Fluvià,180,0,0,0,0,179,359
Torroella de Montgrí,0,1067,0,255,87,3414,4823
Torroja del Priorat,0,0,42,0,0,71,113
Tortellà,0,0,0,0,0,477,477
Tortosa,2042,0,4357,930,359,7175,14863
Torà,0,317,194,0,0,162,673
Toses,0,30,0,0,0,86,116
Tossa de Mar,0,365,0,237,0,2069,2671
Tremp,0,880,0,0,0,1852,2732
Tàrrega,859,0,0,239,141,5745,6984
Térmens,0,0,0,0,0,856,856
Tírvia,0,0,0,0,6,59,65
Ullastrell,79,568,0,61,0,393,1101
Ullastret,0,0,0,0,0,203,203
Ulldecona,0,336,327,0,315,1990,2968
Ulldemolins,0,0,98,0,0,210,308
Ullà,0,0,0,0,0,447,447
Ultramort,1,0,0,0,0,150,151
Urús,0,0,0,0,6,89,95
Vacarisses,309,1236,0,251,45,1302,3143
Vajol,0,0,36,0,0,22,58
Vall d'en Bas,0,0,0,0,0,1885,1885
Vall de Bianya,0,0,0,0,0,641,641
Vall de Boí,0,318,0,0,0,276,594
Vall de Cardós,0,0,0,0,0,206,206
Vall-llobrega,0,145,0,0,0,317,462
Vallbona d'Anoia,195,166,0,0,0,449,810
Vallbona de les Monges,0,0,0,0,0,208,208
Vallcebre,0,0,0,0,0,188,188
Vallclara,0,12,43,0,0,0,55
Vallfogona de Balaguer,0,0,574,0,0,386,960
Vallfogona de Ripollès,0,0,0,0,0,118,118
Vallfogona de Riucorb,0,0,0,0,0,53,53
Vallgorguina,0,325,0,0,0,1038,1363
Vallirana,3228,1180,0,532,195,1675,6810
Vallmoll,643,0,0,0,15,340,998
Vallromanes,108,0,113,0,0,1156,1377
Valls,2010,0,3581,818,346,4190,10945
Valls d'Aguilar,0,0,0,0,0,199,199
Valls de Valira,0,0,0,0,0,350,350
Vandellòs i l'Hospitalet de l'Infant,1132,351,0,205,200,1148,3036
Vansa i Fórnols,0,0,0,0,0,104,104
Veciana,0,41,63,0,0,0,104
Vendrell,4001,0,1198,1496,630,7310,14635
Ventalló,0,167,243,0,0,0,410
Verdú,0,0,0,0,0,523,523
Verges,0,0,0,0,0,515,515
Vespella de Gaià,214,0,0,0,0,40,254
Vic,1089,3472,0,690,212,12265,17728
Vidreres,0,0,0,0,0,3321,3321
Vidrà,0,0,0,0,0,124,124
Vielha e Mijaran,0,0,0,77,72,2410,2559
Vila-rodona,0,0,0,0,0,437,437
Vila-sacra,29,0,176,0,0,160,365
Vila-sana,0,0,259,0,0,176,435
Vila-seca,1067,0,0,1818,246,5789,8920
Vilabella,0,133,268,0,0,95,496
Vilabertran,0,377,0,0,0,0,377
Vilablareix,137,1163,0,0,49,399,1748
Vilada,0,0,0,0,0,323,323
Viladamat,0,0,54,0,0,247,301
Viladasens,0,66,0,0,0,77,143
Viladecans,11771,5216,0,4442,996,6739,29164
Viladecavalls,399,1005,0,370,0,2194,3968
Vilademuls,0,0,0,0,0,410,410
Viladrau,0,0,0,0,0,675,675
Vilafant,1065,906,265,389,93,0,2718
Vilafranca del Penedès,3625,3999,5339,1040,598,3545,18146
Vilagrassa,27,0,0,0,0,273,300
Vilajuïga,0,250,0,0,0,389,639
Vilalba Sasserra,0,119,196,0,0,0,315
Vilalba dels Arcs,0,0,0,0,0,427,427
Vilaller,0,0,0,0,35,255,290
Vilallonga de Ter,0,0,0,0,0,176,176
Vilallonga del Camp,0,362,327,0,85,396,1170
Vilamacolum,0,0,0,0,0,138,138
Vilamalla,0,0,458,0,0,0,458
Vilamaniscle,6,0,80,0,0,0,86
Vilamòs,0,0,0,0,0,116,116
Vilanant,14,0,192,0,0,0,206
Vilanova d'Escornalbou,0,0,0,0,0,314,314
Vilanova de Bellpuig,0,0,264,0,0,452,716
Vilanova de Meià,0,176,0,0,0,78,254
Vilanova de Prades,31,0,0,0,0,0,31
Vilanova de Sau,0,28,0,0,0,169,197
Vilanova de Segrià,0,0,0,0,0,541,541
Vilanova de l'Aguda,0,0,0,0,0,118,118
Vilanova de la Barca,0,0,341,0,0,203,544
Vilanova del Camí,2338,887,303,145,109,2185,5967
Vilanova del Vallès,482,260,604,160,0,1116,2622
Vilanova i la Geltrú,7805,7739,0,3055,902,11560,31061
Vilaplana,0,0,0,0,0,302,302
Vilassar de Dalt,572,0,1164,285,219,2328,4568
Vilassar de Mar,1393,0,1734,1056,318,6377,10878
Vilaverd,0,0,158,0,0,0,158
Vilaür,0,0,2,0,0,78,80
Vilella Alta,0,0,0,0,0,59,59
Vilella Baixa,0,0,0,0,0,153,153
Vilobí d'Onyar,0,101,0,0,0,1687,1788
Vilobí del Penedès,0,0,0,0,0,658,658
Vilopriu,0,72,0,0,2,9,83
Vilosell,0,0,80,0,2,54,136
Vimbodí i Poblet,0,195,342,0,0,0,537
Vinaixa,0,0,0,0,0,293,293
Vinebre,0,0,0,0,0,194,194
Vinyols i els Arcs,173,0,0,77,15,791,1056
Viver i Serrateix,0,0,0,0,0,120,120
Xerta,0,0,0,0,0,537,537
Àger,0,0,0,0,0,392,392
Òdena,0,0,0,0,0,1890,1890
Òrrius,30,330,49,0,0,0,409
